num_features,features,rmse,r2
8,"iMAG, logMsT, logSFR22, e_logMsT, Dist, RVel, Ag, surface_brightness_proxy",0.2471154489169908,0.8049707169731563
10,"iMAG, e_iMAG, logMsT, logSFR22, e_logMsT, Dist, RVel, Ag, Ai, surface_brightness_proxy",0.24711894686490882,0.8049651956097139
9,"iMAG, e_iMAG, logMsT, logSFR22, e_logMsT, Dist, RVel, Ag, surface_brightness_proxy",0.24724262194060367,0.8047699294807495
9,"iMAG, logMsT, logSFR22, e_logMsT, Dist, RVel, Ag, Ai, surface_brightness_proxy",0.24778282853443367,0.8039158713359946
8,"logMsT, logSFR22, e_logMsT, Dist, RVel, Ag, Ai, surface_brightness_proxy",0.24804486258805322,0.8035009282398287
8,"iMAG, logSFR22, e_logMsT, Dist, RVel, Ag, Ai, surface_brightness_proxy",0.24806711704231063,0.8034656670719158
8,"iMAG, e_iMAG, logMsT, logSFR22, Dist, RVel, Ag, surface_brightness_proxy",0.24818270104673137,0.8032824786053581
9,"iMAG, e_iMAG, logSFR22, e_logMsT, Dist, RVel, Ag, Ai, surface_brightness_proxy",0.24827448931821677,0.8031369430770579
9,"iMAG, e_iMAG, logMsT, e_logMsT, Dist, RVel, Ag, Ai, surface_brightness_proxy",0.24829952885275974,0.8030972321272862
7,"iMAG, logSFR22, e_logMsT, Dist, RVel, Ag, surface_brightness_proxy",0.2483024470480306,0.8030926038132074
9,"iMAG, e_iMAG, logMsT, logSFR22, Dist, RVel, Ag, Ai, surface_brightness_proxy",0.24836997202902855,0.80298549269717
8,"e_iMAG, logMsT, logSFR22, e_logMsT, Dist, RVel, Ag, surface_brightness_proxy",0.248381123670715,0.8029678006670327
7,"iMAG, logMsT, e_logMsT, Dist, RVel, Ag, surface_brightness_proxy",0.24853014667599052,0.8027313000955669
8,"iMAG, e_iMAG, logSFR22, e_logMsT, Dist, RVel, Ag, surface_brightness_proxy",0.2485751732209906,0.8026598147427928
8,"iMAG, logMsT, e_logMsT, Dist, RVel, Ag, Ai, surface_brightness_proxy",0.24874228122240424,0.8023943963730746
7,"iMAG, e_logMsT, Dist, RVel, Ag, Ai, surface_brightness_proxy",0.2488024042715819,0.8022988590386764
6,"iMAG, e_logMsT, Dist, RVel, Ag, surface_brightness_proxy",0.24883879838519282,0.8022410164784333
8,"iMAG, e_iMAG, logSFR22, Dist, RVel, Ag, Ai, surface_brightness_proxy",0.2488619725352588,0.8022041805043696
7,"logMsT, logSFR22, e_logMsT, Dist, RVel, Ag, surface_brightness_proxy",0.24888642824821222,0.8021653037293137
8,"iMAG, e_iMAG, logMsT, Dist, RVel, Ag, Ai, surface_brightness_proxy",0.24894789201957973,0.8020675790918431
7,"logSFR22, e_logMsT, Dist, RVel, Ag, Ai, surface_brightness_proxy",0.24896617684208483,0.8020385023877533
8,"iMAG, e_iMAG, e_logMsT, Dist, RVel, Ag, Ai, surface_brightness_proxy",0.24899056091843244,0.8019997232674763
9,"e_iMAG, logMsT, logSFR22, e_logMsT, Dist, RVel, Ag, Ai, surface_brightness_proxy",0.24900511335903686,0.8019765780409375
7,"iMAG, e_iMAG, logSFR22, Dist, RVel, Ag, surface_brightness_proxy",0.24902727756320175,0.8019413239304443
7,"iMAG, e_iMAG, e_logMsT, Dist, RVel, Ag, surface_brightness_proxy",0.2490375451299628,0.8019249914015583
7,"iMAG, logMsT, logSFR22, e_logMsT, Dist, RVel, Ag",0.24907574266855959,0.8018642249976867
7,"e_iMAG, logSFR22, Dist, RVel, Ag, Ai, surface_brightness_proxy",0.24910182300271538,0.8018227298468334
8,"e_iMAG, logMsT, logSFR22, Dist, RVel, Ag, Ai, surface_brightness_proxy",0.24912600359645903,0.8017842533990452
7,"iMAG, e_iMAG, logMsT, Dist, RVel, Ag, surface_brightness_proxy",0.24914278419833585,0.8017575497109226
9,"iMAG, e_iMAG, logMsT, logSFR22, e_logMsT, Dist, RVel, Ag, Ai",0.24918044294014743,0.8016976151998952
7,"e_iMAG, logMsT, logSFR22, Dist, RVel, Ag, surface_brightness_proxy",0.24921810100305283,0.8016376727109917
6,"logSFR22, e_logMsT, Dist, RVel, Ag, surface_brightness_proxy",0.24925437577791076,0.8015799235153642
8,"iMAG, e_iMAG, logMsT, logSFR22, e_logMsT, Dist, RVel, Ag",0.24926149264188557,0.8015685925299019
9,"iMAG, e_iMAG, logMsT, logSFR22, e_logMsT, Dist, Ag, Ai, surface_brightness_proxy",0.24931260393019028,0.801487207117417
8,"iMAG, logMsT, logSFR22, e_logMsT, Dist, RVel, Ag, Ai",0.24932339867706535,0.8014700163159217
7,"iMAG, e_iMAG, Dist, RVel, Ag, Ai, surface_brightness_proxy",0.24937104990222367,0.8013941221075962
8,"iMAG, e_iMAG, logMsT, e_logMsT, Dist, RVel, Ag, surface_brightness_proxy",0.2493857825564912,0.8013706544422972
7,"iMAG, logSFR22, e_logMsT, Dist, RVel, Ag, Ai",0.2493996324260177,0.8013485917017407
7,"logMsT, e_logMsT, Dist, RVel, Ag, Ai, surface_brightness_proxy",0.2494124257872145,0.801328210882595
6,"iMAG, e_iMAG, Dist, RVel, Ag, surface_brightness_proxy",0.2494135149693062,0.8013264756825412
8,"e_iMAG, logMsT, e_logMsT, Dist, RVel, Ag, Ai, surface_brightness_proxy",0.24944023101602433,0.8012839113858135
6,"e_logMsT, Dist, RVel, Ag, Ai, surface_brightness_proxy",0.2494594275542467,0.801253324437107
8,"e_iMAG, logSFR22, e_logMsT, Dist, RVel, Ag, Ai, surface_brightness_proxy",0.24949256707951564,0.8012005157858095
7,"iMAG, logMsT, logSFR22, e_logMsT, Dist, RVel, surface_brightness_proxy",0.24965213738863773,0.8009461383504558
6,"logMsT, e_logMsT, Dist, RVel, Ag, surface_brightness_proxy",0.24968222960889747,0.8008981489062921
6,"iMAG, logSFR22, e_logMsT, Dist, RVel, Ag",0.24968480316407282,0.8008940444713001
6,"e_iMAG, Dist, RVel, Ag, Ai, surface_brightness_proxy",0.24968622686504546,0.8008917738633407
8,"iMAG, logMsT, logSFR22, Dist, RVel, Ag, Ai, surface_brightness_proxy",0.24976844583531854,0.8007606239089262
7,"iMAG, logMsT, Dist, RVel, Ag, Ai, surface_brightness_proxy",0.24977304655060756,0.8007532838937939
8,"iMAG, e_iMAG, logSFR22, e_logMsT, Dist, RVel, Ag, Ai",0.24978640013548284,0.8007319787202004
8,"iMAG, e_iMAG, logMsT, logSFR22, Dist, Ag, Ai, surface_brightness_proxy",0.249817240280309,0.8006827700041957
7,"iMAG, e_iMAG, logMsT, logSFR22, Dist, Ag, surface_brightness_proxy",0.24983240458137707,0.8006585715284158
7,"e_iMAG, logMsT, logSFR22, e_logMsT, Dist, Ag, surface_brightness_proxy",0.24983832007142454,0.8006491314704006
7,"iMAG, e_iMAG, logSFR22, e_logMsT, Dist, Ag, surface_brightness_proxy",0.24988142479461836,0.8005803373376349
7,"e_iMAG, e_logMsT, Dist, RVel, Ag, Ai, surface_brightness_proxy",0.24991731068332307,0.8005230552431892
8,"iMAG, e_iMAG, logMsT, logSFR22, e_logMsT, Dist, RVel, surface_brightness_proxy",0.2499228244149588,0.8005142533361056
7,"iMAG, logMsT, logSFR22, e_logMsT, Dist, Ag, surface_brightness_proxy",0.24994695317938498,0.8004757328292192
8,"iMAG, logMsT, logSFR22, e_logMsT, Dist, RVel, Ai, surface_brightness_proxy",0.24996275034750687,0.8004505113335643
7,"iMAG, e_iMAG, logSFR22, e_logMsT, Dist, RVel, Ag",0.24999595574568345,0.8003974909508922
7,"logMsT, logSFR22, Dist, RVel, Ag, Ai, surface_brightness_proxy",0.2500034029315969,0.8003855987654387
8,"iMAG, e_iMAG, logMsT, logSFR22, Dist, RVel, Ai, surface_brightness_proxy",0.2500330657302986,0.8003382276256729
8,"iMAG, logMsT, logSFR22, e_logMsT, Dist, Ag, Ai, surface_brightness_proxy",0.2500337022057182,0.8003372111203422
7,"e_iMAG, logMsT, Dist, RVel, Ag, Ai, surface_brightness_proxy",0.2501582976438373,0.8001381717849168
8,"iMAG, e_iMAG, logMsT, logSFR22, e_logMsT, Dist, Ag, surface_brightness_proxy",0.2501619062912329,0.8001324055475006
7,"e_iMAG, logMsT, logSFR22, Dist, RVel, Ai, surface_brightness_proxy",0.2501754505060885,0.800110762580637
6,"iMAG, logSFR22, e_logMsT, Dist, Ag, surface_brightness_proxy",0.2501872286318087,0.8000919407819054
7,"iMAG, e_iMAG, logMsT, logSFR22, Dist, RVel, surface_brightness_proxy",0.2502842180353058,0.7999369151096736
8,"iMAG, e_iMAG, logMsT, e_logMsT, Dist, Ag, Ai, surface_brightness_proxy",0.2503052293812779,0.7999033231303498
8,"iMAG, e_iMAG, logSFR22, e_logMsT, Dist, Ag, Ai, surface_brightness_proxy",0.25032605650025674,0.7998700229017731
5,"iMAG, e_logMsT, Dist, RVel, Ag",0.25040512922859265,0.7997435692445198
7,"iMAG, logMsT, logSFR22, Dist, RVel, Ag, surface_brightness_proxy",0.25042357296685847,0.799714068145809
6,"iMAG, logSFR22, Dist, RVel, Ag, surface_brightness_proxy",0.25042759718602653,0.7997076310444409
5,"e_logMsT, Dist, RVel, Ag, surface_brightness_proxy",0.25042820841736685,0.7997066533157566
7,"e_iMAG, logMsT, logSFR22, Dist, Ag, Ai, surface_brightness_proxy",0.25044771610403527,0.7996754474699287
6,"e_iMAG, e_logMsT, Dist, RVel, Ag, surface_brightness_proxy",0.2504533009680836,0.7996665130872718
6,"logSFR22, e_logMsT, Dist, Ag, Ai, surface_brightness_proxy",0.25047954332473604,0.799624529226671
8,"iMAG, e_iMAG, logMsT, logSFR22, Dist, RVel, Ag, Ai",0.25048815463358054,0.7996107514570261
7,"iMAG, logSFR22, e_logMsT, Dist, Ag, Ai, surface_brightness_proxy",0.250498295771373,0.7995945254113563
7,"e_iMAG, logMsT, e_logMsT, Dist, RVel, Ag, surface_brightness_proxy",0.25049852782538035,0.7995941541121037
7,"e_iMAG, logSFR22, e_logMsT, Dist, RVel, Ag, surface_brightness_proxy",0.2505008182874544,0.7995904892275874
9,"iMAG, e_iMAG, logMsT, logSFR22, e_logMsT, Dist, RVel, Ai, surface_brightness_proxy",0.2505099480008937,0.7995758807743415
7,"e_iMAG, logSFR22, e_logMsT, Dist, Ag, Ai, surface_brightness_proxy",0.25051865325393435,0.7995619510042685
6,"iMAG, e_iMAG, logSFR22, Dist, Ag, surface_brightness_proxy",0.25054240433631975,0.7995239430856993
7,"iMAG, e_iMAG, logMsT, Dist, Ag, Ai, surface_brightness_proxy",0.2505467887743152,0.79951692644886
6,"e_iMAG, logMsT, logSFR22, Dist, Ag, surface_brightness_proxy",0.2505595696197387,0.7994964719178679
6,"iMAG, Dist, RVel, Ag, Ai, surface_brightness_proxy",0.25057636164693364,0.7994695962848865
7,"iMAG, e_iMAG, logMsT, logSFR22, Dist, RVel, Ag",0.25058413186636097,0.7994571594421823
5,"iMAG, e_logMsT, Dist, Ag, surface_brightness_proxy",0.25058560877744945,0.7994547954870862
8,"iMAG, e_iMAG, logMsT, e_logMsT, Dist, RVel, Ai, surface_brightness_proxy",0.2505861924711446,0.7994538612186869
6,"e_iMAG, logMsT, Dist, RVel, Ag, surface_brightness_proxy",0.2506074210457425,0.7994198809825388
6,"logSFR22, Dist, RVel, Ag, Ai, surface_brightness_proxy",0.250627671778556,0.799387463279225
7,"logMsT, logSFR22, e_logMsT, Dist, RVel, Ag, Ai",0.2506668176452787,0.7993247905115558
8,"e_iMAG, logMsT, logSFR22, e_logMsT, Dist, RVel, Ai, surface_brightness_proxy",0.25066688146393346,0.7993246883295146
7,"iMAG, logMsT, e_logMsT, Dist, RVel, Ai, surface_brightness_proxy",0.2506823407152745,0.7992999352729806
6,"iMAG, e_iMAG, logMsT, Dist, RVel, surface_brightness_proxy",0.25068319604430606,0.7992985656919853
7,"iMAG, e_iMAG, logMsT, Dist, RVel, Ai, surface_brightness_proxy",0.2506973817350503,0.7992758504156554
6,"logMsT, logSFR22, e_logMsT, Dist, Ag, surface_brightness_proxy",0.2507127058973367,0.7992513106822797
8,"e_iMAG, logMsT, logSFR22, e_logMsT, Dist, RVel, Ag, Ai",0.2507244111893976,0.7992325651074575
6,"iMAG, logMsT, Dist, RVel, Ag, surface_brightness_proxy",0.2507435250177038,0.7992019531655722
8,"iMAG, e_iMAG, logMsT, logSFR22, e_logMsT, Dist, Ag, Ai",0.2507549809649637,0.7991836046607967
5,"iMAG, Dist, RVel, Ag, surface_brightness_proxy",0.25076144026447766,0.799173258705183
7,"iMAG, logMsT, e_logMsT, Dist, RVel, Ag, Ai",0.25080289109059495,0.7991068599611163
7,"iMAG, logSFR22, Dist, RVel, Ag, Ai, surface_brightness_proxy",0.2508342122868723,0.799056680265499
6,"iMAG, e_iMAG, Dist, Ag, Ai, surface_brightness_proxy",0.2508469068321649,0.7990363405470883
7,"iMAG, e_iMAG, logSFR22, Dist, RVel, Ag, Ai",0.2508511488096636,0.7990295436482129
7,"logMsT, logSFR22, e_logMsT, Dist, RVel, Ai, surface_brightness_proxy",0.2508815253430479,0.7989808681254447
7,"iMAG, logMsT, e_logMsT, Dist, Ag, Ai, surface_brightness_proxy",0.2508941831025449,0.7989605835229028
6,"iMAG, e_iMAG, e_logMsT, Dist, Ag, surface_brightness_proxy",0.2508964744178593,0.7989569114824313
7,"logMsT, logSFR22, e_logMsT, Dist, Ag, Ai, surface_brightness_proxy",0.2509117873876197,0.7989323701995037
6,"iMAG, e_iMAG, logMsT, Dist, Ag, surface_brightness_proxy",0.2509245645413858,0.7989118917878484
6,"e_iMAG, logSFR22, Dist, Ag, Ai, surface_brightness_proxy",0.2509547634686796,0.7988634867176316
7,"iMAG, e_iMAG, logSFR22, Dist, Ag, Ai, surface_brightness_proxy",0.2509642760371742,0.798848238064084
5,"e_iMAG, Dist, Ag, Ai, surface_brightness_proxy",0.2509834450554863,0.79881750835922
5,"iMAG, e_iMAG, Dist, Ag, surface_brightness_proxy",0.2509861279356959,0.7988132072674884
6,"logMsT, Dist, RVel, Ag, Ai, surface_brightness_proxy",0.25100441927683426,0.7987838820582975
6,"iMAG, e_logMsT, Dist, RVel, Ag, Ai",0.25101397480754933,0.7987685615041876
6,"iMAG, logMsT, e_logMsT, Dist, RVel, surface_brightness_proxy",0.2510157237368709,0.7987657573512352
6,"logMsT, logSFR22, Dist, RVel, Ag, surface_brightness_proxy",0.25102981977898914,0.7987431556913549
7,"e_iMAG, logMsT, logSFR22, e_logMsT, Dist, RVel, surface_brightness_proxy",0.25103199233736273,0.7987396720882133
6,"e_iMAG, logSFR22, Dist, RVel, Ag, surface_brightness_proxy",0.25109954606777035,0.7986313375674934
7,"iMAG, logMsT, logSFR22, e_logMsT, Dist, RVel, Ai",0.25112253180821686,0.7985944691642374
5,"Dist, RVel, Ag, Ai, surface_brightness_proxy",0.25116890144408777,0.7985200834586624
7,"iMAG, e_iMAG, e_logMsT, Dist, Ag, Ai, surface_brightness_proxy",0.25120136540391824,0.7984679969257669
6,"iMAG, logMsT, logSFR22, e_logMsT, Dist, RVel",0.2512116948280261,0.7984514225546223
6,"iMAG, logMsT, e_logMsT, Dist, RVel, Ag",0.2512250481841153,0.7984299950374348
6,"e_iMAG, logSFR22, e_logMsT, Dist, Ag, surface_brightness_proxy",0.2512314484042182,0.7984197244944261
6,"iMAG, logMsT, e_logMsT, Dist, Ag, surface_brightness_proxy",0.2512600086840554,0.7983738901344635
7,"iMAG, e_iMAG, logMsT, e_logMsT, Dist, Ag, surface_brightness_proxy",0.2512698725992419,0.7983580590287025
8,"e_iMAG, logMsT, logSFR22, e_logMsT, Dist, Ag, Ai, surface_brightness_proxy",0.25131601204547754,0.7982839992013983
8,"iMAG, logMsT, logSFR22, e_logMsT, RVel, Ag, Ai, surface_brightness_proxy",0.25133717375847386,0.798250027344221
6,"iMAG, e_logMsT, Dist, Ag, Ai, surface_brightness_proxy",0.25133865786667076,0.7982476447307169
7,"iMAG, e_iMAG, logMsT, e_logMsT, Dist, RVel, surface_brightness_proxy",0.25138754645325373,0.7981691502655184
7,"iMAG, e_iMAG, logMsT, logSFR22, e_logMsT, Dist, surface_brightness_proxy",0.2513998857827889,0.7981493360899773
6,"iMAG, e_iMAG, logSFR22, Dist, RVel, Ag",0.2514187199561727,0.7981190907873918
5,"e_logMsT, Dist, Ag, Ai, surface_brightness_proxy",0.2514506817681438,0.7980677589708882
7,"iMAG, e_iMAG, logMsT, logSFR22, Dist, RVel, Ai",0.25147326715292906,0.7980314820981853
7,"iMAG, logSFR22, e_logMsT, RVel, Ag, Ai, surface_brightness_proxy",0.251484089699054,0.7980140976607818
7,"iMAG, e_iMAG, logMsT, logSFR22, e_logMsT, Dist, Ag",0.25150021005901213,0.7979882018690035
7,"e_iMAG, logMsT, e_logMsT, Dist, Ag, Ai, surface_brightness_proxy",0.25151168388802503,0.7979697692664881
7,"iMAG, e_iMAG, logMsT, Dist, RVel, Ag, Ai",0.25153534457920584,0.7979317559251629
6,"iMAG, e_iMAG, logMsT, logSFR22, Dist, surface_brightness_proxy",0.25153986875174233,0.7979244869680046
8,"iMAG, e_iMAG, logMsT, e_logMsT, Dist, RVel, Ag, Ai",0.25155887895044843,0.7978939419825395
7,"e_iMAG, logMsT, e_logMsT, Dist, RVel, Ai, surface_brightness_proxy",0.25158003640606236,0.7978599441384637
7,"iMAG, logMsT, logSFR22, e_logMsT, Dist, Ag, Ai",0.2515842639453632,0.7978531505770778
5,"iMAG, logMsT, Dist, Ag, surface_brightness_proxy",0.2516085694205178,0.7978140900056085
6,"e_iMAG, e_logMsT, Dist, Ag, Ai, surface_brightness_proxy",0.25161233557239776,0.7978080372026719
6,"logMsT, logSFR22, e_logMsT, Dist, RVel, surface_brightness_proxy",0.25162645719021576,0.7977853407180697
6,"iMAG, logMsT, logSFR22, e_logMsT, Dist, Ag",0.25165163617782443,0.7977448694957622
6,"e_iMAG, logMsT, Dist, Ag, Ai, surface_brightness_proxy",0.25167168064950773,0.7977126482970005
5,"e_iMAG, logMsT, Dist, Ag, surface_brightness_proxy",0.2517052676298721,0.7976586519581569
8,"iMAG, e_iMAG, logMsT, logSFR22, e_logMsT, Dist, RVel, Ai",0.25170947991649323,0.7976518795382305
6,"e_iMAG, logMsT, logSFR22, Dist, Ai, surface_brightness_proxy",0.25171255453739044,0.7976469361601772
7,"iMAG, logMsT, logSFR22, Dist, Ag, Ai, surface_brightness_proxy",0.25173489906624547,0.7976110087939932
6,"logMsT, e_logMsT, Dist, Ag, Ai, surface_brightness_proxy",0.2517624143619469,0.7975667630632474
6,"e_iMAG, logMsT, e_logMsT, Dist, Ag, surface_brightness_proxy",0.25176791631845274,0.7975579151100061
6,"iMAG, logMsT, logSFR22, Dist, Ag, surface_brightness_proxy",0.251776079612278,0.7975447869796431
6,"logMsT, logSFR22, e_logMsT, Dist, RVel, Ag",0.251778392131503,0.7975410679311687
7,"iMAG, e_iMAG, logMsT, e_logMsT, Dist, RVel, Ag",0.2517931371924562,0.7975173537698165
7,"e_iMAG, logMsT, logSFR22, e_logMsT, Dist, RVel, Ag",0.25181368525680886,0.7974843044479851
6,"iMAG, e_iMAG, logMsT, logSFR22, Dist, Ag",0.2518331645006486,0.7974529717172831
6,"iMAG, e_iMAG, e_logMsT, Dist, RVel, Ag",0.25185291179930297,0.7974212053414298
7,"iMAG, e_iMAG, logMsT, logSFR22, Dist, Ai, surface_brightness_proxy",0.25188928436032315,0.7973626883158963
6,"e_iMAG, logMsT, logSFR22, Dist, RVel, surface_brightness_proxy",0.2518979552413487,0.7973487371526532
7,"e_iMAG, logMsT, logSFR22, Dist, RVel, Ag, Ai",0.25190189003774854,0.7973424060358598
6,"e_iMAG, logMsT, Dist, RVel, Ai, surface_brightness_proxy",0.2519590603966076,0.7972504073444561
8,"iMAG, e_iMAG, logMsT, logSFR22, e_logMsT, RVel, Ag, surface_brightness_proxy",0.251975648931693,0.7972237091225824
6,"logMsT, e_logMsT, Dist, RVel, Ai, surface_brightness_proxy",0.2519825388862193,0.7972126196500059
5,"logSFR22, Dist, Ag, Ai, surface_brightness_proxy",0.25199161768785533,0.7971980067361512
7,"iMAG, logMsT, logSFR22, e_logMsT, RVel, Ag, surface_brightness_proxy",0.25202124837427015,0.7971503105816637
7,"iMAG, e_iMAG, logMsT, logSFR22, e_logMsT, Dist, RVel",0.2520459573306012,0.7971105325878948
7,"iMAG, logMsT, logSFR22, Dist, RVel, Ai, surface_brightness_proxy",0.25205900143160004,0.7970895318210918
6,"e_iMAG, logMsT, logSFR22, Dist, RVel, Ag",0.2520620422362997,0.797084636024286
6,"iMAG, e_iMAG, logMsT, Dist, Ai, surface_brightness_proxy",0.25208228927359677,0.7970520361142609
7,"iMAG, e_iMAG, logSFR22, e_logMsT, Dist, Ag, Ai",0.25213004025930774,0.7969751415159709
5,"logSFR22, e_logMsT, Dist, Ag, surface_brightness_proxy",0.25213427850940046,0.7969683158528602
7,"e_iMAG, logSFR22, e_logMsT, Dist, RVel, Ag, Ai",0.25214416293367453,0.7969523966319088
6,"logSFR22, e_logMsT, Dist, RVel, Ag, Ai",0.25214635221853426,0.7969488706254485
8,"iMAG, e_iMAG, logMsT, logSFR22, e_logMsT, Dist, Ai, surface_brightness_proxy",0.2521665828731685,0.7969162861995405
5,"e_iMAG, logSFR22, Dist, Ag, surface_brightness_proxy",0.2521843718585652,0.7968876322787515
5,"e_iMAG, Dist, RVel, Ag, surface_brightness_proxy",0.25218857555080837,0.7968808608123468
6,"iMAG, logSFR22, e_logMsT, Dist, Ag, Ai",0.2522302677096373,0.7968136953953278
6,"logSFR22, e_logMsT, RVel, Ag, Ai, surface_brightness_proxy",0.2522440415542436,0.7967915035067333
6,"iMAG, logMsT, Dist, Ag, Ai, surface_brightness_proxy",0.2522629944190099,0.7967609653991103
6,"iMAG, e_iMAG, logSFR22, e_logMsT, Dist, Ag",0.2522714010765186,0.7967474193026716
6,"iMAG, e_iMAG, logMsT, Dist, RVel, Ag",0.2522862524823022,0.796723487335807
6,"iMAG, logSFR22, e_logMsT, RVel, Ag, surface_brightness_proxy",0.25230296798557966,0.7966965498253797
7,"iMAG, e_iMAG, logMsT, logSFR22, Dist, Ag, Ai",0.2523070851304629,0.7966899146550069
5,"logMsT, e_logMsT, Dist, Ag, surface_brightness_proxy",0.25231870555111774,0.7966711866583722
6,"iMAG, e_iMAG, logMsT, logSFR22, Dist, RVel",0.2523419865788467,0.7966336633037985
5,"iMAG, logSFR22, e_logMsT, Dist, Ag",0.252379853624968,0.7965726234399051
9,"iMAG, e_iMAG, logMsT, logSFR22, e_logMsT, RVel, Ag, Ai, surface_brightness_proxy",0.25238021610725314,0.7965720390915729
7,"iMAG, e_iMAG, e_logMsT, Dist, RVel, Ag, Ai",0.252387434221649,0.7965604027809812
6,"logMsT, logSFR22, Dist, Ag, Ai, surface_brightness_proxy",0.25239458785683594,0.7965488700888689
5,"e_iMAG, e_logMsT, Dist, Ag, surface_brightness_proxy",0.2524012124263082,0.796538190035519
7,"iMAG, e_iMAG, logMsT, logSFR22, e_logMsT, RVel, Ag",0.25242895873033677,0.7964934547232275
5,"iMAG, logSFR22, e_logMsT, RVel, Ag",0.25244298888587563,0.7964708320586533
5,"iMAG, logSFR22, Dist, Ag, surface_brightness_proxy",0.25245417152547905,0.7964527999179746
7,"e_iMAG, logMsT, logSFR22, e_logMsT, Dist, Ai, surface_brightness_proxy",0.2524832044617845,0.7964059802305189
6,"iMAG, e_iMAG, Dist, RVel, Ag, Ai",0.25250859712666346,0.7963650265782243
6,"e_iMAG, logMsT, logSFR22, e_logMsT, Dist, surface_brightness_proxy",0.25253945718505993,0.7963152494914212
6,"iMAG, logSFR22, e_logMsT, Dist, RVel, surface_brightness_proxy",0.2525736142327647,0.7962601472882429
7,"iMAG, logMsT, logSFR22, e_logMsT, Dist, Ai, surface_brightness_proxy",0.252577410766602,0.7962540222536812
5,"e_iMAG, logMsT, Dist, Ai, surface_brightness_proxy",0.25261975599674535,0.7961856994886529
7,"iMAG, e_iMAG, logMsT, logSFR22, e_logMsT, Dist, Ai",0.2526257236695601,0.7961760699058675
7,"iMAG, e_iMAG, logSFR22, e_logMsT, RVel, Ag, surface_brightness_proxy",0.2526274082931659,0.7961733515148508
6,"iMAG, e_logMsT, RVel, Ag, Ai, surface_brightness_proxy",0.2526410424494615,0.7961513501065944
6,"logMsT, logSFR22, Dist, RVel, Ai, surface_brightness_proxy",0.25266826783980484,0.7961074130008448
6,"iMAG, e_iMAG, logSFR22, Dist, Ag, Ai",0.2526915413387479,0.7960698498157625
5,"iMAG, logMsT, Dist, RVel, surface_brightness_proxy",0.2526971826520533,0.7960607442738422
5,"logMsT, Dist, RVel, Ag, surface_brightness_proxy",0.2527125236224839,0.7960359816625093
6,"logMsT, e_logMsT, Dist, RVel, Ag, Ai",0.25273043033332837,0.7960070756625617
6,"iMAG, logSFR22, e_logMsT, RVel, Ag, Ai",0.2527464482853989,0.7959812168656735
5,"iMAG, e_logMsT, RVel, Ag, surface_brightness_proxy",0.2527606704768719,0.7959582557055486
7,"iMAG, e_iMAG, logMsT, e_logMsT, Dist, Ai, surface_brightness_proxy",0.2527703661921876,0.7959426016197675
4,"e_logMsT, Dist, Ag, surface_brightness_proxy",0.2527704721992382,0.795942430464202
8,"iMAG, e_iMAG, logSFR22, e_logMsT, Dist, RVel, Ai, surface_brightness_proxy",0.2527786522529804,0.7959292229967332
5,"iMAG, e_iMAG, Dist, RVel, Ag",0.25280168015526194,0.7958920399836789
7,"iMAG, e_iMAG, logSFR22, Dist, RVel, Ai, surface_brightness_proxy",0.25282565191751,0.7958533293274277
5,"iMAG, e_iMAG, logSFR22, Dist, Ag",0.2528291661489552,0.7958476540834003
6,"iMAG, logMsT, e_logMsT, RVel, Ag, surface_brightness_proxy",0.25286315388457975,0.7957927621383947
5,"logMsT, Dist, Ag, Ai, surface_brightness_proxy",0.25286623002969316,0.7957877936413388
7,"iMAG, logMsT, logSFR22, e_logMsT, RVel, Ag, Ai",0.25287845646770896,0.7957680452688937
6,"iMAG, logSFR22, Dist, Ag, Ai, surface_brightness_proxy",0.25288034919841845,0.7957649880093342
6,"iMAG, e_iMAG, logSFR22, Dist, RVel, surface_brightness_proxy",0.2528879843498767,0.7957526549925906
6,"logMsT, logSFR22, e_logMsT, Dist, Ag, Ai",0.25289474327756617,0.7957417370244048
6,"e_iMAG, logMsT, logSFR22, Dist, Ag, Ai",0.2528974825669562,0.7957373120568025
6,"e_iMAG, logMsT, e_logMsT, Dist, RVel, surface_brightness_proxy",0.252901986253561,0.795730036829596
8,"iMAG, e_iMAG, logSFR22, e_logMsT, RVel, Ag, Ai, surface_brightness_proxy",0.2529229274828667,0.7956962067968179
6,"iMAG, logMsT, logSFR22, e_logMsT, Dist, surface_brightness_proxy",0.2529234180923093,0.7956954141959389
7,"e_iMAG, logMsT, logSFR22, e_logMsT, Dist, Ag, Ai",0.25295472146258485,0.795644839062049
4,"Dist, Ag, Ai, surface_brightness_proxy",0.252961208824465,0.7956343570052332
6,"iMAG, logMsT, logSFR22, Dist, RVel, surface_brightness_proxy",0.2529635347996959,0.7956305987087633
6,"e_iMAG, logMsT, logSFR22, e_logMsT, Dist, Ag",0.25296792747878105,0.7956235009506625
5,"iMAG, e_logMsT, Dist, RVel, surface_brightness_proxy",0.2529705301648982,0.7956192954324496
7,"iMAG, logSFR22, e_logMsT, Dist, RVel, Ai, surface_brightness_proxy",0.25298038352011276,0.7956033736181588
6,"iMAG, logMsT, logSFR22, e_logMsT, RVel, Ag",0.2529944241466927,0.795580684615122
6,"iMAG, e_iMAG, logMsT, e_logMsT, Dist, surface_brightness_proxy",0.2529944477039475,0.7955806465466299
5,"logSFR22, e_logMsT, RVel, Ag, surface_brightness_proxy",0.2529961361106032,0.7955779180745093
7,"iMAG, e_iMAG, logMsT, e_logMsT, RVel, Ag, surface_brightness_proxy",0.2530202836720862,0.795538893523041
6,"iMAG, e_iMAG, e_logMsT, RVel, Ag, surface_brightness_proxy",0.25302311293032803,0.7955343209528385
4,"iMAG, Dist, Ag, surface_brightness_proxy",0.25302864541023007,0.795525379361582
5,"e_iMAG, logSFR22, Dist, RVel, surface_brightness_proxy",0.253055029213795,0.7954827351820627
6,"iMAG, logMsT, Dist, RVel, Ai, surface_brightness_proxy",0.2531097044549247,0.7953943493570315
7,"iMAG, e_iMAG, logMsT, e_logMsT, Dist, Ag, Ai",0.2531210546078491,0.795375998756857
7,"logMsT, logSFR22, e_logMsT, RVel, Ag, Ai, surface_brightness_proxy",0.25313948485439436,0.7953461995124229
7,"iMAG, e_iMAG, logMsT, logSFR22, RVel, Ag, surface_brightness_proxy",0.2531442870715927,0.7953384346129797
7,"e_iMAG, logMsT, e_logMsT, Dist, RVel, Ag, Ai",0.2531563741828958,0.7953188898212917
6,"logSFR22, e_logMsT, Dist, RVel, Ai, surface_brightness_proxy",0.25318690271670624,0.7952695211970346
5,"logMsT, e_logMsT, Dist, RVel, surface_brightness_proxy",0.25320389222519724,0.7952420443657198
5,"logMsT, logSFR22, Dist, Ag, surface_brightness_proxy",0.2532057665691681,0.7952390129094752
8,"e_iMAG, logMsT, logSFR22, e_logMsT, RVel, Ag, Ai, surface_brightness_proxy",0.25321532118765266,0.7952235594697615
6,"iMAG, e_iMAG, logSFR22, e_logMsT, RVel, Ag",0.2532277874799032,0.7952033958731713
8,"iMAG, e_iMAG, logMsT, logSFR22, e_logMsT, RVel, Ag, Ai",0.25323361575089404,0.7951939685993736
6,"iMAG, e_iMAG, logMsT, RVel, Ag, surface_brightness_proxy",0.2532339664360326,0.7951934013565057
5,"iMAG, logMsT, e_logMsT, Dist, surface_brightness_proxy",0.253242040436523,0.7951803412211486
6,"logMsT, logSFR22, e_logMsT, Dist, RVel, Ai",0.25327119639700385,0.7951331764010351
6,"e_iMAG, logMsT, e_logMsT, Dist, Ai, surface_brightness_proxy",0.2532713135629684,0.7951329868538234
5,"iMAG, e_iMAG, logMsT, Dist, surface_brightness_proxy",0.2532720898071664,0.7951317310694885
5,"iMAG, Dist, Ag, Ai, surface_brightness_proxy",0.2532729129534442,0.7951303994041861
5,"iMAG, e_iMAG, Dist, RVel, surface_brightness_proxy",0.2532811343440347,0.7951170988082092
7,"iMAG, logMsT, e_logMsT, RVel, Ag, Ai, surface_brightness_proxy",0.2533067031832804,0.7950757306865865
7,"iMAG, e_iMAG, logSFR22, e_logMsT, Dist, RVel, surface_brightness_proxy",0.2533293670990705,0.7950390589831022
6,"iMAG, logMsT, e_logMsT, Dist, Ai, surface_brightness_proxy",0.2533366620281029,0.7950272546110788
6,"e_iMAG, logMsT, e_logMsT, Dist, RVel, Ag",0.2533415186001682,0.7950193957055167
8,"iMAG, e_iMAG, logMsT, logSFR22, RVel, Ag, Ai, surface_brightness_proxy",0.2533434020837488,0.7950163478115924
7,"iMAG, e_iMAG, logSFR22, e_logMsT, RVel, Ag, Ai",0.25334516145583175,0.7950135007371122
4,"iMAG, e_logMsT, Dist, Ag",0.25335751341129936,0.7949935118348588
7,"iMAG, e_iMAG, logSFR22, RVel, Ag, Ai, surface_brightness_proxy",0.25337899478499276,0.7949587466714697
7,"e_iMAG, logSFR22, e_logMsT, Dist, RVel, Ai, surface_brightness_proxy",0.25339368075112795,0.7949349774070018
7,"e_iMAG, logMsT, logSFR22, e_logMsT, Dist, RVel, Ai",0.25340046316073805,0.7949239995989558
5,"e_logMsT, RVel, Ag, Ai, surface_brightness_proxy",0.2534390153626698,0.7948615945607223
5,"iMAG, e_logMsT, Dist, Ag, Ai",0.25344631535183887,0.79484977688772
6,"e_iMAG, logSFR22, Dist, RVel, Ag, Ai",0.2534465289618708,0.7948494310774911
5,"e_iMAG, logMsT, Dist, RVel, surface_brightness_proxy",0.25345515362751236,0.7948354684860478
6,"logMsT, logSFR22, e_logMsT, RVel, Ag, surface_brightness_proxy",0.2534658656517839,0.7948181259790824
4,"e_iMAG, Dist, Ag, surface_brightness_proxy",0.25347848165185527,0.7947977000416298
5,"logMsT, e_logMsT, Dist, RVel, Ag",0.253481627036051,0.7947926073483834
8,"iMAG, e_iMAG, logMsT, e_logMsT, RVel, Ag, Ai, surface_brightness_proxy",0.2534981156180679,0.7947659096424232
7,"iMAG, e_iMAG, e_logMsT, RVel, Ag, Ai, surface_brightness_proxy",0.2535052793519702,0.7947543098466489
5,"logMsT, logSFR22, Dist, Ai, surface_brightness_proxy",0.2535126612740918,0.7947423564091197
5,"e_iMAG, logMsT, logSFR22, Dist, surface_brightness_proxy",0.2535197499096238,0.794730877558633
7,"iMAG, logMsT, logSFR22, Dist, RVel, Ag, Ai",0.25355499764039313,0.7946737950335985
7,"iMAG, e_iMAG, logMsT, RVel, Ag, Ai, surface_brightness_proxy",0.25356654739383566,0.7946550888666809
5,"iMAG, e_iMAG, e_logMsT, Dist, Ag",0.2535695111351829,0.7946502886060276
7,"iMAG, e_iMAG, logMsT, e_logMsT, Dist, RVel, Ai",0.2535808569627087,0.7946319116763902
6,"e_iMAG, logSFR22, e_logMsT, Dist, RVel, surface_brightness_proxy",0.25358714747680616,0.7946217225249392
6,"iMAG, e_iMAG, logMsT, logSFR22, e_logMsT, Dist",0.25360070478529695,0.7945997620184855
7,"iMAG, e_iMAG, e_logMsT, Dist, RVel, Ai, surface_brightness_proxy",0.25363125782131124,0.7945502670542952
5,"iMAG, logMsT, logSFR22, e_logMsT, Dist",0.25364530603423835,0.7945275073869736
6,"iMAG, logMsT, logSFR22, Dist, Ai, surface_brightness_proxy",0.25364706083995653,0.7945246643179821
7,"iMAG, e_iMAG, logMsT, logSFR22, RVel, Ag, Ai",0.25367260526956853,0.7944832759846895
6,"iMAG, logMsT, e_logMsT, Dist, RVel, Ai",0.25367986512088136,0.7944715124581776
7,"e_iMAG, logMsT, logSFR22, e_logMsT, RVel, Ag, surface_brightness_proxy",0.25369598769331236,0.7944453869852351
6,"iMAG, e_iMAG, logMsT, logSFR22, Dist, Ai",0.2536968206186884,0.794444037244264
5,"logSFR22, e_logMsT, Dist, RVel, surface_brightness_proxy",0.25370984745222236,0.7944229269122494
5,"iMAG, logMsT, logSFR22, Dist, surface_brightness_proxy",0.25372390279467155,0.7944001486383443
4,"logMsT, Dist, Ag, surface_brightness_proxy",0.2537270481357122,0.7943950510842576
6,"iMAG, e_iMAG, logMsT, e_logMsT, Dist, Ag",0.2537320577998351,0.7943869319506289
7,"e_iMAG, logSFR22, e_logMsT, RVel, Ag, Ai, surface_brightness_proxy",0.2537858470837227,0.7942997458687503
7,"e_iMAG, logMsT, logSFR22, RVel, Ag, Ai, surface_brightness_proxy",0.2537912275814368,0.7942910237001019
6,"iMAG, e_iMAG, logMsT, e_logMsT, Dist, RVel",0.25379558100184296,0.7942839663613238
6,"iMAG, logMsT, e_logMsT, Dist, Ag, Ai",0.25380915382504443,0.7942619626526353
6,"logMsT, logSFR22, e_logMsT, Dist, Ai, surface_brightness_proxy",0.2538281597411566,0.7942311490572653
6,"iMAG, e_iMAG, logMsT, logSFR22, RVel, Ag",0.25383457154251476,0.7942207533181721
6,"e_iMAG, logSFR22, Dist, RVel, Ai, surface_brightness_proxy",0.25383954976919915,0.7942126817164501
5,"iMAG, logMsT, Dist, Ai, surface_brightness_proxy",0.2538405942567367,0.794210988184203
6,"iMAG, logMsT, logSFR22, Dist, RVel, Ai",0.25385198687266913,0.7941925157425294
6,"iMAG, e_iMAG, logSFR22, RVel, Ag, surface_brightness_proxy",0.2538692791727137,0.7941644757336409
5,"iMAG, logMsT, e_logMsT, Dist, RVel",0.25388056718434493,0.794146170837082
5,"iMAG, logMsT, e_logMsT, Dist, Ag",0.25389762416150546,0.7941185093106177
5,"logMsT, logSFR22, e_logMsT, Dist, Ag",0.253905349447309,0.7941059805005567
6,"e_iMAG, e_logMsT, RVel, Ag, Ai, surface_brightness_proxy",0.2539184791203823,0.7940846860216082
6,"iMAG, e_iMAG, Dist, RVel, Ai, surface_brightness_proxy",0.2540079273590729,0.7939395842832794
7,"e_iMAG, logMsT, e_logMsT, RVel, Ag, Ai, surface_brightness_proxy",0.25403147156041883,0.7939013826978916
6,"iMAG, e_iMAG, logMsT, Dist, Ag, Ai",0.25403824004112974,0.7938903998610705
5,"e_iMAG, logMsT, e_logMsT, Dist, surface_brightness_proxy",0.2540551809756331,0.7938629094670238
6,"e_iMAG, logMsT, Dist, RVel, Ag, Ai",0.2540575805057559,0.7938590155531728
5,"logMsT, Dist, RVel, Ai, surface_brightness_proxy",0.2541105256066972,0.7937730878477117
6,"iMAG, e_iMAG, RVel, Ag, Ai, surface_brightness_proxy",0.2541335901754389,0.7937356494090958
7,"iMAG, logMsT, logSFR22, RVel, Ag, Ai, surface_brightness_proxy",0.2541418043715473,0.7937223152944943
6,"iMAG, logMsT, e_logMsT, RVel, Ag, Ai",0.25415097240295237,0.7937074323089303
5,"e_iMAG, logMsT, logSFR22, Dist, Ag",0.2541697942815539,0.7936768760029267
6,"logMsT, e_logMsT, RVel, Ag, Ai, surface_brightness_proxy",0.25417435443578784,0.7936694724976414
6,"iMAG, logMsT, logSFR22, e_logMsT, Dist, Ai",0.25417741554688134,0.7936645026455778
6,"iMAG, logSFR22, Dist, RVel, Ag, Ai",0.2541827351531924,0.7936558658821778
6,"logMsT, logSFR22, e_logMsT, RVel, Ag, Ai",0.2541973586724286,0.7936321226156434
5,"iMAG, logMsT, RVel, Ag, surface_brightness_proxy",0.2542083610757598,0.7936142578213647
6,"iMAG, e_iMAG, logMsT, Dist, RVel, Ai",0.25421204487999494,0.7936082761913614
6,"iMAG, e_iMAG, e_logMsT, Dist, Ag, Ai",0.2542138783652435,0.793605299011064
6,"iMAG, e_iMAG, e_logMsT, Dist, RVel, surface_brightness_proxy",0.25422796861232666,0.7935824188052547
7,"iMAG, e_iMAG, logMsT, logSFR22, e_logMsT, RVel, surface_brightness_proxy",0.2542354375455218,0.7935702899920509
5,"e_iMAG, logMsT, Dist, RVel, Ag",0.2542413464083048,0.7935606943273612
6,"e_iMAG, logSFR22, RVel, Ag, Ai, surface_brightness_proxy",0.2542437030060053,0.7935568672814883
6,"e_iMAG, logSFR22, e_logMsT, RVel, Ag, surface_brightness_proxy",0.25426885091157897,0.7935160256078934
5,"logMsT, logSFR22, Dist, RVel, surface_brightness_proxy",0.25427209008744706,0.7935107647026365
7,"iMAG, e_iMAG, logMsT, e_logMsT, RVel, Ag, Ai",0.2542794920440694,0.7934987425683264
5,"logMsT, logSFR22, e_logMsT, RVel, Ag",0.25429126800225577,0.7934796155324662
5,"e_logMsT, Dist, RVel, Ai, surface_brightness_proxy",0.2542969149784762,0.7934704431479151
6,"iMAG, logMsT, logSFR22, RVel, Ag, surface_brightness_proxy",0.25431828372276744,0.793435732048768
5,"e_iMAG, logSFR22, Dist, Ai, surface_brightness_proxy",0.2543189043039247,0.7934347239415491
6,"iMAG, e_logMsT, Dist, RVel, Ai, surface_brightness_proxy",0.2543241293559886,0.7934262359731666
5,"logMsT, e_logMsT, Dist, Ai, surface_brightness_proxy",0.25433411061399885,0.7934100211806312
8,"iMAG, e_iMAG, logMsT, logSFR22, e_logMsT, RVel, Ai, surface_brightness_proxy",0.2543813145984459,0.7933333285569881
6,"e_iMAG, logMsT, e_logMsT, RVel, Ag, surface_brightness_proxy",0.2543968069789453,0.7933081548824776
5,"iMAG, e_iMAG, logMsT, Dist, Ag",0.2544053414500773,0.7932942865073542
4,"iMAG, logMsT, Dist, surface_brightness_proxy",0.25440970007355934,0.7932872036364571
6,"e_iMAG, logMsT, logSFR22, RVel, Ag, surface_brightness_proxy",0.25442623886374066,0.7932603265897823
6,"logMsT, logSFR22, e_logMsT, RVel, Ai, surface_brightness_proxy",0.2544339222944812,0.7932478397177191
6,"iMAG, e_iMAG, logSFR22, Dist, Ai, surface_brightness_proxy",0.2544418137827085,0.7932350143245749
5,"iMAG, logMsT, e_logMsT, RVel, Ag",0.25444479296583944,0.7932301723974211
6,"iMAG, logMsT, RVel, Ag, Ai, surface_brightness_proxy",0.25445512143080895,0.7932133855868846
7,"iMAG, logMsT, logSFR22, e_logMsT, RVel, Ai, surface_brightness_proxy",0.25445995084553064,0.7932055361257201
5,"iMAG, e_iMAG, logMsT, logSFR22, Dist",0.25446289706136205,0.7932007474377684
5,"e_iMAG, RVel, Ag, Ai, surface_brightness_proxy",0.2544635439948024,0.7931996959247695
5,"iMAG, e_iMAG, RVel, Ag, surface_brightness_proxy",0.2544639594688648,0.7931990206199205
6,"iMAG, logMsT, Dist, RVel, Ag, Ai",0.25447195355477636,0.7931860269467343
7,"iMAG, e_iMAG, logSFR22, e_logMsT, Dist, Ai, surface_brightness_proxy",0.2544869500126221,0.7931616504417947
5,"iMAG, e_iMAG, logMsT, Dist, RVel",0.2544910208947394,0.7931550330394253
6,"e_iMAG, logMsT, logSFR22, e_logMsT, RVel, Ag",0.254496776764536,0.7931456764329924
6,"iMAG, logSFR22, RVel, Ag, Ai, surface_brightness_proxy",0.254501297129478,0.7931383280858072
6,"e_iMAG, logMsT, logSFR22, Dist, RVel, Ai",0.2545053117580909,0.7931318017588573
4,"e_logMsT, RVel, Ag, surface_brightness_proxy",0.2545305680045682,0.7930907419207858
5,"logMsT, logSFR22, e_logMsT, Dist, surface_brightness_proxy",0.25455772487960215,0.7930465876279144
6,"e_iMAG, logMsT, RVel, Ag, Ai, surface_brightness_proxy",0.2546230905941357,0.7929402903665969
6,"logMsT, logSFR22, RVel, Ag, Ai, surface_brightness_proxy",0.25464670422390284,0.7929018833389121
5,"e_iMAG, Dist, RVel, Ai, surface_brightness_proxy",0.25468913040521807,0.7928328691789596
6,"e_iMAG, logSFR22, e_logMsT, Dist, Ag, Ai",0.25471303215390545,0.7927939834280228
5,"iMAG, logSFR22, RVel, Ag, surface_brightness_proxy",0.2547464940088712,0.7927395382114157
5,"iMAG, e_iMAG, logSFR22, Dist, surface_brightness_proxy",0.25475387680855627,0.7927275248202147
6,"iMAG, logSFR22, e_logMsT, Dist, RVel, Ai",0.2547746813840201,0.7926936694615847
7,"iMAG, e_iMAG, logSFR22, e_logMsT, Dist, RVel, Ai",0.2547769958347878,0.7926899029768415
4,"iMAG, e_logMsT, RVel, Ag",0.2547847905963331,0.7926772177068374
5,"iMAG, e_logMsT, RVel, Ag, Ai",0.25480072312928764,0.7926512877419234
6,"iMAG, e_iMAG, logSFR22, e_logMsT, Dist, RVel",0.25480488085326913,0.7926445208400357
6,"iMAG, e_iMAG, logMsT, logSFR22, RVel, surface_brightness_proxy",0.2548382476569568,0.7925902107141647
5,"iMAG, e_iMAG, Dist, Ag, Ai",0.25483879603523724,0.7925893180762109
6,"iMAG, logMsT, logSFR22, Dist, RVel, Ag",0.25485625820320196,0.7925608925435966
5,"e_iMAG, e_logMsT, Dist, RVel, surface_brightness_proxy",0.25486067788117417,0.7925536977271155
6,"iMAG, e_iMAG, logSFR22, e_logMsT, Dist, surface_brightness_proxy",0.25486640373752273,0.7925443763906131
5,"iMAG, logSFR22, e_logMsT, Dist, RVel",0.2548766807102353,0.7925276455956849
5,"logSFR22, RVel, Ag, Ai, surface_brightness_proxy",0.2548828939758263,0.7925175301426005
5,"e_iMAG, e_logMsT, RVel, Ag, surface_brightness_proxy",0.2548978546119354,0.7924931725972152
4,"e_iMAG, logMsT, Dist, surface_brightness_proxy",0.2549290162943218,0.7924424333933568
7,"e_iMAG, logMsT, logSFR22, e_logMsT, RVel, Ag, Ai",0.254938401900466,0.7924271500061533
6,"e_iMAG, logSFR22, e_logMsT, Dist, Ai, surface_brightness_proxy",0.2549496102305219,0.7924088977841331
6,"e_iMAG, e_logMsT, Dist, RVel, Ai, surface_brightness_proxy",0.25497940296110666,0.7923603778657177
6,"e_iMAG, logMsT, logSFR22, e_logMsT, Dist, Ai",0.2549947889617572,0.7923353182749198
4,"iMAG, e_iMAG, Dist, Ag",0.25501303595323405,0.7923055969518351
5,"logSFR22, e_logMsT, Dist, Ag, Ai",0.25501607640266943,0.7923006443572149
4,"iMAG, RVel, Ag, surface_brightness_proxy",0.255026938213755,0.7922829510475246
6,"iMAG, e_iMAG, logMsT, e_logMsT, RVel, Ag",0.2550435063782843,0.7922559609416385
5,"logMsT, e_logMsT, Dist, Ag, Ai",0.2550440532539339,0.7922550700326346
6,"iMAG, e_iMAG, logSFR22, RVel, Ag, Ai",0.2550839301933908,0.7921901018083459
5,"e_iMAG, logMsT, RVel, Ag, surface_brightness_proxy",0.25508434679497893,0.7921894230199625
7,"iMAG, e_iMAG, logMsT, logSFR22, e_logMsT, RVel, Ai",0.25510383494113464,0.792157668836302
5,"logSFR22, Dist, RVel, Ag, surface_brightness_proxy",0.2551141671489942,0.7921408324476489
5,"iMAG, logSFR22, Dist, RVel, surface_brightness_proxy",0.2551408636589369,0.7920973271830078
6,"iMAG, logMsT, logSFR22, e_logMsT, RVel, surface_brightness_proxy",0.25516677122450016,0.7920551032482334
6,"e_iMAG, logMsT, logSFR22, RVel, Ag, Ai",0.2551822273631987,0.792029910920161
5,"iMAG, e_iMAG, logSFR22, Dist, RVel",0.2551916965711245,0.7920144760791499
5,"iMAG, Dist, RVel, Ai, surface_brightness_proxy",0.25520482450610993,0.7919930765531957
5,"logMsT, logSFR22, RVel, Ag, surface_brightness_proxy",0.2552049540650651,0.7919928653568238
6,"iMAG, logMsT, logSFR22, Dist, Ag, Ai",0.25522824040415987,0.791954904137195
5,"iMAG, e_iMAG, e_logMsT, RVel, Ag",0.25524313756993305,0.7919306170698553
4,"iMAG, e_iMAG, Dist, surface_brightness_proxy",0.2552496082678172,0.7919200673548308
6,"iMAG, logMsT, logSFR22, e_logMsT, RVel, Ai",0.25526018226388486,0.7919028271171036
4,"e_iMAG, logSFR22, Dist, surface_brightness_proxy",0.25526891506309735,0.7918885882969553
5,"logMsT, e_logMsT, Dist, RVel, Ai",0.2552729922006554,0.7918819403615514
5,"e_iMAG, logSFR22, RVel, Ag, surface_brightness_proxy",0.2552939882289292,0.7918477038187252
5,"logMsT, e_logMsT, RVel, Ag, surface_brightness_proxy",0.2553047943128002,0.791830082105104
6,"iMAG, e_iMAG, logSFR22, Dist, RVel, Ai",0.2553060412043811,0.7918280487241597
7,"iMAG, e_iMAG, logMsT, logSFR22, RVel, Ai, surface_brightness_proxy",0.2553100349189847,0.7918215358671937
4,"logMsT, Dist, Ai, surface_brightness_proxy",0.2553195643304069,0.7918059951129303
5,"logMsT, RVel, Ag, Ai, surface_brightness_proxy",0.2553320993555085,0.7917855518605952
6,"iMAG, e_iMAG, logMsT, logSFR22, e_logMsT, RVel",0.25533383274789434,0.7917827248085714
5,"e_iMAG, logMsT, e_logMsT, Dist, Ag",0.2553458975664952,0.7917630473300514
5,"e_iMAG, logSFR22, Dist, Ag, Ai",0.2553495035792054,0.7917571658147626
5,"e_iMAG, logSFR22, e_logMsT, Dist, surface_brightness_proxy",0.2553621603475704,0.7917365215871475
6,"iMAG, e_iMAG, logMsT, RVel, Ag, Ai",0.25537412175033375,0.7917170106174245
5,"iMAG, logMsT, logSFR22, Dist, RVel",0.2554132862783127,0.7916531205848945
5,"logSFR22, e_logMsT, Dist, Ai, surface_brightness_proxy",0.25545294655336687,0.7915884118439632
5,"iMAG, logMsT, e_logMsT, RVel, surface_brightness_proxy",0.25545613209503704,0.7915832139556863
7,"e_iMAG, logMsT, logSFR22, e_logMsT, RVel, Ai, surface_brightness_proxy",0.25546230194568337,0.7915731463486944
4,"RVel, Ag, Ai, surface_brightness_proxy",0.2555025586872808,0.7915074517468994
6,"iMAG, e_iMAG, e_logMsT, RVel, Ag, Ai",0.25552977864555865,0.7914630258844323
5,"e_logMsT, Dist, RVel, Ag, Ai",0.2555470106225326,0.7914348990217119
5,"iMAG, RVel, Ag, Ai, surface_brightness_proxy",0.25556859484655325,0.7913996655359806
4,"e_iMAG, Dist, RVel, surface_brightness_proxy",0.25557154730433146,0.7913948457948234
4,"iMAG, e_logMsT, Dist, RVel",0.25558540323866263,0.7913722259241763
6,"e_iMAG, logSFR22, e_logMsT, Dist, RVel, Ag",0.2556116139610667,0.7913294334564236
6,"iMAG, logSFR22, e_logMsT, Dist, Ai, surface_brightness_proxy",0.2556198221454608,0.7913160316085026
6,"e_iMAG, e_logMsT, Dist, RVel, Ag, Ai",0.25565414090505073,0.7912599932649913
7,"iMAG, e_iMAG, logMsT, e_logMsT, RVel, Ai, surface_brightness_proxy",0.25566003497359,0.7912503682138599
4,"iMAG, Dist, RVel, surface_brightness_proxy",0.2556880178440075,0.7912046689822376
5,"iMAG, e_iMAG, logSFR22, RVel, Ag",0.25569427791769284,0.7911944448804666
5,"iMAG, logSFR22, e_logMsT, Dist, surface_brightness_proxy",0.25569861891866663,0.7911873549070826
5,"iMAG, e_iMAG, e_logMsT, Dist, surface_brightness_proxy",0.2556994197898681,0.7911860468648526
6,"e_iMAG, logMsT, logSFR22, RVel, Ai, surface_brightness_proxy",0.2557004178728355,0.791184416716009
5,"iMAG, e_iMAG, RVel, Ag, Ai",0.25570819013740165,0.7911717222148564
6,"e_iMAG, logMsT, e_logMsT, Dist, Ag, Ai",0.255732292733423,0.791132352800606
5,"iMAG, Dist, RVel, Ag, Ai",0.2557533665717803,0.7910979275479428
4,"e_iMAG, Dist, Ai, surface_brightness_proxy",0.2557539241945228,0.7910970166025653
5,"logMsT, logSFR22, e_logMsT, Dist, Ai",0.2557546571804606,0.7910958191768045
6,"iMAG, e_iMAG, logMsT, logSFR22, RVel, Ai",0.25579546176592516,0.791029154283204
6,"iMAG, logMsT, e_logMsT, RVel, Ai, surface_brightness_proxy",0.2558047272430947,0.7910140152369229
5,"iMAG, e_logMsT, Dist, Ai, surface_brightness_proxy",0.25583618067020497,0.7909626187703012
6,"e_iMAG, logMsT, logSFR22, e_logMsT, RVel, surface_brightness_proxy",0.2558373819303707,0.7909606557260742
4,"Dist, RVel, Ag, surface_brightness_proxy",0.255839959633907,0.7909564433301572
5,"iMAG, logMsT, e_logMsT, Dist, Ai",0.25585627231641067,0.7909297847120962
4,"logMsT, e_logMsT, Dist, surface_brightness_proxy",0.25586474382904995,0.7909159396710745
5,"logSFR22, e_logMsT, Dist, RVel, Ag",0.2558989135752372,0.7908600912081999
5,"iMAG, e_iMAG, logMsT, logSFR22, RVel",0.2559036922384462,0.7908522801666819
5,"logMsT, e_logMsT, RVel, Ag, Ai",0.25591077431888803,0.7908407037688653
6,"iMAG, e_iMAG, logMsT, e_logMsT, RVel, surface_brightness_proxy",0.25591528598282925,0.7908333288173764
5,"iMAG, e_iMAG, logMsT, e_logMsT, Dist",0.2559327288772199,0.7908048147215552
5,"iMAG, logMsT, logSFR22, e_logMsT, RVel",0.2559538736253441,0.7907702465579041
6,"iMAG, e_iMAG, logMsT, RVel, Ai, surface_brightness_proxy",0.25597630164852686,0.7907335773308296
5,"iMAG, e_iMAG, logMsT, RVel, Ag",0.2559803064098584,0.7907270293134713
5,"iMAG, e_iMAG, logMsT, RVel, surface_brightness_proxy",0.2560649164397781,0.7905886630549943
5,"e_iMAG, logMsT, logSFR22, RVel, Ag",0.25606982935528966,0.7905806273577229
5,"e_iMAG, logMsT, Dist, Ag, Ai",0.2560784722108721,0.7905664904955736
6,"iMAG, e_iMAG, e_logMsT, Dist, Ai, surface_brightness_proxy",0.25612327301991833,0.7904932034961347
6,"iMAG, logSFR22, Dist, RVel, Ai, surface_brightness_proxy",0.25614161555564835,0.7904631943254616
4,"logMsT, Dist, RVel, surface_brightness_proxy",0.25615018533910017,0.7904491730576937
5,"iMAG, e_logMsT, Dist, RVel, Ai",0.25615538595768456,0.7904406639481916
5,"iMAG, e_iMAG, Dist, Ai, surface_brightness_proxy",0.2561657461222035,0.7904237124162599
4,"iMAG, e_logMsT, Dist, surface_brightness_proxy",0.25619142150430707,0.7903816988292739
5,"logMsT, logSFR22, e_logMsT, RVel, surface_brightness_proxy",0.2561956535215304,0.7903747734171526
4,"logMsT, e_logMsT, Dist, Ag",0.25621024009527565,0.7903509025916309
5,"iMAG, logSFR22, Dist, Ag, Ai",0.2562516631944828,0.790283106570824
4,"iMAG, logMsT, e_logMsT, Dist",0.2562590760612382,0.7902709729842254
5,"e_iMAG, logMsT, Dist, RVel, Ai",0.2563240896563763,0.7901645418840403
5,"iMAG, e_iMAG, logSFR22, e_logMsT, Dist",0.25632434876388377,0.7901641176557122
6,"e_iMAG, logMsT, e_logMsT, Dist, RVel, Ai",0.25632848713656264,0.7901573419740671
4,"iMAG, e_iMAG, logSFR22, Dist",0.2563309969801797,0.7901532325998795
6,"iMAG, logMsT, logSFR22, RVel, Ai, surface_brightness_proxy",0.2563350241380232,0.790146638838659
5,"e_iMAG, e_logMsT, Dist, Ai, surface_brightness_proxy",0.2563415070184539,0.790136024046893
4,"e_iMAG, logMsT, Dist, Ag",0.2563422375729238,0.7901348278513494
4,"iMAG, e_iMAG, RVel, Ag",0.25634379313927785,0.7901322807861891
5,"iMAG, logMsT, Dist, RVel, Ai",0.25637025039172473,0.790088957640364
4,"iMAG, e_iMAG, logMsT, Dist",0.2563755024705193,0.7900803569495631
5,"iMAG, e_iMAG, logSFR22, Dist, Ai",0.25639338307108317,0.7900510747432445
6,"iMAG, e_iMAG, logSFR22, e_logMsT, Dist, Ai",0.2563934878717037,0.7900509031102494
5,"iMAG, logMsT, logSFR22, Dist, Ai",0.2564081077711156,0.7900269592713066
6,"e_iMAG, logMsT, logSFR22, e_logMsT, RVel, Ai",0.25642027458694117,0.7900070319456953
5,"iMAG, e_iMAG, logMsT, Dist, Ai",0.2564299599221748,0.7899911682180221
4,"logSFR22, Dist, Ag, surface_brightness_proxy",0.2565143376955104,0.789852939494746
6,"iMAG, e_iMAG, e_logMsT, Dist, RVel, Ai",0.25655974426481365,0.7897785350642555
5,"logMsT, logSFR22, e_logMsT, RVel, Ai",0.25657816019430846,0.7897483544711654
4,"e_logMsT, Dist, RVel, surface_brightness_proxy",0.25659712380475685,0.7897172740577529
6,"iMAG, e_iMAG, logMsT, e_logMsT, Dist, Ai",0.25660188339526285,0.789709472965258
5,"logMsT, e_logMsT, RVel, Ai, surface_brightness_proxy",0.25660516011678874,0.7897041022494466
4,"logMsT, logSFR22, Dist, surface_brightness_proxy",0.25660885264446287,0.7896980499236952
5,"e_iMAG, logMsT, RVel, Ai, surface_brightness_proxy",0.2566111273684213,0.7896943214396642
5,"e_iMAG, logMsT, logSFR22, RVel, surface_brightness_proxy",0.2566634554210756,0.7896085417714915
6,"e_iMAG, logSFR22, e_logMsT, RVel, Ag, Ai",0.2566716684291632,0.7895950768674866
5,"iMAG, logMsT, logSFR22, RVel, surface_brightness_proxy",0.2566743296135549,0.7895907138678344
5,"e_iMAG, logMsT, logSFR22, Dist, Ai",0.25667919354725577,0.789582739353857
4,"e_logMsT, Dist, Ai, surface_brightness_proxy",0.2567623574971834,0.789446367058605
6,"e_iMAG, logMsT, e_logMsT, RVel, Ai, surface_brightness_proxy",0.2567710499402638,0.7894321106351339
5,"iMAG, logSFR22, Dist, Ai, surface_brightness_proxy",0.256773611233821,0.7894279097809612
4,"logMsT, RVel, Ag, surface_brightness_proxy",0.25678055083178686,0.7894165277281998
6,"e_iMAG, logMsT, e_logMsT, RVel, Ag, Ai",0.25678166209395553,0.789414705051586
4,"e_iMAG, RVel, Ag, surface_brightness_proxy",0.25679171686904123,0.7893982129920286
5,"logSFR22, e_logMsT, RVel, Ag, Ai",0.25683689553762523,0.7893241019931235
4,"iMAG, logSFR22, Dist, surface_brightness_proxy",0.25685400954274895,0.7892960248080706
5,"iMAG, logMsT, e_logMsT, RVel, Ai",0.2569528913805076,0.7891337629322035
5,"iMAG, logMsT, RVel, Ai, surface_brightness_proxy",0.2569807021720368,0.7890881150760014
5,"iMAG, e_iMAG, e_logMsT, Dist, RVel",0.2570531064842923,0.7889692494869701
5,"iMAG, logSFR22, e_logMsT, Dist, Ai",0.25706066602565936,0.7889568371168755
5,"iMAG, logSFR22, Dist, RVel, Ai",0.25706935793020125,0.7889425650147543
5,"e_iMAG, logSFR22, Dist, RVel, Ag",0.2570722723406655,0.7889377794464643
6,"iMAG, e_iMAG, logSFR22, e_logMsT, RVel, surface_brightness_proxy",0.25708467642262417,0.7889174108845802
6,"iMAG, e_iMAG, logMsT, e_logMsT, RVel, Ai",0.2571062073202853,0.7888820529783727
4,"iMAG, logSFR22, e_logMsT, Dist",0.25712578994567875,0.7888498919414467
5,"iMAG, logMsT, logSFR22, Dist, Ag",0.25719325244348207,0.7887390778344057
5,"e_iMAG, logSFR22, e_logMsT, Dist, Ag",0.257196059860498,0.7887344657325012
4,"e_iMAG, e_logMsT, Dist, surface_brightness_proxy",0.25719794864924445,0.7887313627500601
4,"logSFR22, Dist, Ai, surface_brightness_proxy",0.25722336159191345,0.7886896110717162
5,"logSFR22, e_logMsT, Dist, RVel, Ai",0.257278782286201,0.7885985444594156
5,"iMAG, logMsT, Dist, Ag, Ai",0.2572794934341237,0.788597375782291
4,"logMsT, e_logMsT, RVel, Ag",0.2572843499525389,0.7885893946531783
5,"logMsT, logSFR22, RVel, Ai, surface_brightness_proxy",0.25732452614961265,0.7885233639186262
4,"iMAG, e_iMAG, Dist, RVel",0.25735220204587617,0.7884778717902865
5,"e_iMAG, Dist, RVel, Ag, Ai",0.25736076577425676,0.7884637942096269
5,"logSFR22, Dist, RVel, Ai, surface_brightness_proxy",0.25737196923974,0.7884453765603232
5,"iMAG, logMsT, Dist, RVel, Ag",0.2573788335030667,0.7884340918348527
4,"logSFR22, e_logMsT, Dist, surface_brightness_proxy",0.2574021665853862,0.7883957304168105
5,"iMAG, e_iMAG, logMsT, e_logMsT, RVel",0.2574162861950924,0.7883725149817247
4,"iMAG, logMsT, RVel, surface_brightness_proxy",0.25744735880532177,0.7883214209710456
4,"iMAG, logMsT, e_logMsT, RVel",0.2574477065644816,0.7883208491010147
5,"e_iMAG, logMsT, e_logMsT, RVel, Ag",0.2574611742587363,0.7882987016545351
5,"iMAG, logSFR22, e_logMsT, RVel, surface_brightness_proxy",0.25746582216243,0.7882910579689886
5,"e_iMAG, logMsT, e_logMsT, RVel, surface_brightness_proxy",0.2575029584267704,0.7882299807652466
4,"e_iMAG, logSFR22, Dist, Ag",0.2575062467385732,0.7882245721260274
5,"iMAG, e_iMAG, Dist, RVel, Ai",0.2575068705031531,0.7882235461457068
5,"iMAG, logSFR22, Dist, RVel, Ag",0.2575494957966892,0.7881534293319881
6,"iMAG, logSFR22, e_logMsT, RVel, Ai, surface_brightness_proxy",0.2575625964066505,0.7881318770484504
5,"iMAG, e_iMAG, logMsT, RVel, Ai",0.25758575292265246,0.7880937787516177
4,"e_logMsT, Dist, Ag, Ai",0.25762540185750366,0.7880285383220199
5,"iMAG, logSFR22, RVel, Ag, Ai",0.25766554189821067,0.7879624795724735
6,"iMAG, logMsT, logSFR22, RVel, Ag, Ai",0.2576687157021235,0.787957255981832
5,"e_iMAG, e_logMsT, Dist, Ag, Ai",0.25770136242221403,0.7879035207921798
4,"logSFR22, e_logMsT, Dist, Ag",0.2577412508853853,0.7878378567438494
6,"e_iMAG, logSFR22, e_logMsT, Dist, RVel, Ai",0.2577512434555748,0.7878214054680246
7,"iMAG, e_iMAG, logSFR22, e_logMsT, RVel, Ai, surface_brightness_proxy",0.2577796823620633,0.7877745815612635
4,"iMAG, e_iMAG, logMsT, RVel",0.2578436771766856,0.7876691969010345
6,"e_iMAG, logSFR22, e_logMsT, RVel, Ai, surface_brightness_proxy",0.2578967469743448,0.7875817833757865
5,"logSFR22, e_logMsT, RVel, Ai, surface_brightness_proxy",0.25799528769261804,0.7874194250455733
5,"iMAG, e_iMAG, logSFR22, RVel, surface_brightness_proxy",0.2580075819129306,0.7873991644065768
6,"iMAG, e_iMAG, logSFR22, RVel, Ai, surface_brightness_proxy",0.25803202071402764,0.787358886864594
5,"e_iMAG, logMsT, RVel, Ag, Ai",0.25806613015518914,0.7873026647809067
5,"iMAG, logMsT, RVel, Ag, Ai",0.2580937844529676,0.7872570771588672
5,"e_iMAG, logMsT, logSFR22, RVel, Ai",0.2581031824869671,0.7872415835534867
5,"e_iMAG, logMsT, e_logMsT, Dist, Ai",0.25814321584601013,0.7871755782098439
4,"iMAG, logMsT, logSFR22, Dist",0.2581440403895494,0.7871742186290261
5,"iMAG, logMsT, logSFR22, RVel, Ai",0.25816363615887333,0.787141906101471
5,"e_iMAG, logSFR22, RVel, Ai, surface_brightness_proxy",0.2582802522413727,0.7869495607829646
5,"e_iMAG, logSFR22, e_logMsT, RVel, surface_brightness_proxy",0.2583046943896303,0.7869092351539156
4,"e_iMAG, Dist, Ag, Ai",0.2583641078084468,0.7868111966190657
4,"iMAG, Dist, Ai, surface_brightness_proxy",0.258388145598171,0.7867715252725891
4,"iMAG, Dist, Ag, Ai",0.2585211233400959,0.7865519955624973
4,"e_logMsT, Dist, RVel, Ag",0.2585331827743272,0.7865320813506512
4,"logMsT, e_logMsT, Dist, Ai",0.25858836151428216,0.7864409507063768
4,"e_iMAG, logMsT, Dist, Ai",0.2585900478175387,0.7864381653799808
5,"iMAG, logSFR22, e_logMsT, RVel, Ai",0.2586041849111933,0.7864148139307607
5,"iMAG, e_iMAG, logSFR22, e_logMsT, RVel",0.2586196301702163,0.7863893002134402
4,"iMAG, logMsT, Dist, RVel",0.2586344383578266,0.7863648374309692
5,"e_iMAG, logSFR22, RVel, Ag, Ai",0.25868995390425487,0.7862731145673303
4,"iMAG, e_logMsT, Dist, Ai",0.25869313839710106,0.7862678525467792
5,"e_iMAG, logSFR22, Dist, RVel, Ai",0.2587204986873225,0.7862226400385488
4,"iMAG, logSFR22, e_logMsT, RVel",0.25872716246342076,0.7862116275148803
4,"iMAG, e_logMsT, RVel, surface_brightness_proxy",0.258744114450499,0.7861836114656849
4,"e_iMAG, logSFR22, RVel, surface_brightness_proxy",0.25876657862624,0.7861464827569146
5,"e_iMAG, logSFR22, e_logMsT, Dist, Ai",0.2587754464267841,0.7861318252007405
4,"iMAG, Dist, RVel, Ai",0.2587828837225852,0.7861195317335079
6,"iMAG, e_iMAG, e_logMsT, RVel, Ai, surface_brightness_proxy",0.2587841654401482,0.7861174130846429
4,"logMsT, e_logMsT, RVel, Ai",0.25883206736331427,0.7860382248123818
4,"logMsT, RVel, Ai, surface_brightness_proxy",0.25884304950255016,0.7860200678051776
5,"iMAG, e_logMsT, RVel, Ai, surface_brightness_proxy",0.25885214264548667,0.7860050333332087
4,"iMAG, logMsT, Dist, Ai",0.25886216153293284,0.7859884676370177
4,"Dist, RVel, Ai, surface_brightness_proxy",0.2588797044637011,0.7859594597921479
6,"logMsT, logSFR22, Dist, RVel, Ag, Ai",0.2589253790392533,0.7858839260745724
4,"e_iMAG, RVel, Ai, surface_brightness_proxy",0.25894282544211766,0.7858550708024454
5,"iMAG, e_iMAG, e_logMsT, Dist, Ai",0.25894333905796535,0.7858542212841146
4,"e_iMAG, logMsT, RVel, surface_brightness_proxy",0.258956433302511,0.7858325628927199
4,"iMAG, e_iMAG, Dist, Ai",0.2589604200723008,0.7858259684024423
5,"iMAG, e_iMAG, RVel, Ai, surface_brightness_proxy",0.25896660696810425,0.7858157344968457
5,"logMsT, logSFR22, Dist, RVel, Ag",0.25896961398942253,0.7858107604162164
4,"logMsT, e_logMsT, RVel, surface_brightness_proxy",0.25898777229219416,0.7857807225337226
4,"e_logMsT, RVel, Ag, Ai",0.2589902849316256,0.7857765659018493
4,"iMAG, RVel, Ag, Ai",0.25900190338539403,0.7857573450967631
5,"e_iMAG, logMsT, e_logMsT, RVel, Ai",0.2590031780330383,0.7857552363511224
5,"iMAG, logMsT, logSFR22, RVel, Ag",0.25904231124255117,0.7856904902837645
4,"iMAG, logSFR22, Dist, RVel",0.25907126117065643,0.785642586205436
6,"e_iMAG, logMsT, logSFR22, e_logMsT, Dist, RVel",0.2590970839178529,0.7855998522244877
4,"e_iMAG, logMsT, RVel, Ag",0.2591682460206338,0.7854820642483069
5,"e_iMAG, e_logMsT, Dist, RVel, Ag",0.2591874074775407,0.7854503425524768
4,"logSFR22, e_logMsT, RVel, surface_brightness_proxy",0.2592184864128643,0.7853988865441165
5,"iMAG, e_iMAG, e_logMsT, RVel, surface_brightness_proxy",0.25934174934692195,0.7851947448369113
4,"e_iMAG, logSFR22, Dist, Ai",0.2593484717630656,0.785183608727636
4,"iMAG, Dist, RVel, Ag",0.25938188051614464,0.7851282607244515
6,"iMAG, e_iMAG, logSFR22, e_logMsT, RVel, Ai",0.2593821077975089,0.7851278841648912
5,"e_iMAG, e_logMsT, RVel, Ag, Ai",0.25950093292009313,0.7849309696284199
4,"iMAG, e_iMAG, logSFR22, RVel",0.2595343710558078,0.7848755403806134
4,"iMAG, e_iMAG, e_logMsT, Dist",0.25953469539805907,0.7848750026946426
5,"iMAG, e_iMAG, logSFR22, RVel, Ai",0.25954167165482833,0.7848634374787735
4,"iMAG, e_iMAG, RVel, surface_brightness_proxy",0.25954547939684497,0.7848571248852516
4,"iMAG, logMsT, Dist, Ag",0.25961097598661087,0.7847485280981247
4,"logSFR22, RVel, Ag, surface_brightness_proxy",0.25963783362698684,0.7847039887974235
4,"iMAG, logSFR22, Dist, Ai",0.25966643656404886,0.7846565501219824
4,"e_logMsT, RVel, Ai, surface_brightness_proxy",0.25970221312486813,0.7845972064588197
5,"e_iMAG, logSFR22, e_logMsT, RVel, Ag",0.25972856719487775,0.7845534869366396
4,"logSFR22, e_logMsT, RVel, Ag",0.25974363180905596,0.7845284938235941
4,"iMAG, logSFR22, RVel, surface_brightness_proxy",0.25979140816901364,0.7844492203420421
5,"logMsT, logSFR22, e_logMsT, Dist, RVel",0.2597986358747522,0.7844372264174554
4,"logMsT, logSFR22, RVel, surface_brightness_proxy",0.25982560010351624,0.7843924780256394
5,"e_iMAG, e_logMsT, RVel, Ai, surface_brightness_proxy",0.25985093175590546,0.7843504347393698
5,"iMAG, logSFR22, RVel, Ai, surface_brightness_proxy",0.2599922612017277,0.7841157931197866
4,"e_iMAG, Dist, RVel, Ag",0.26000531381096065,0.7840941161443841
5,"e_iMAG, logMsT, logSFR22, Dist, RVel",0.26010435621900374,0.7839295971109164
4,"logSFR22, e_logMsT, Dist, Ai",0.26013125353248906,0.7838849072492035
5,"logMsT, Dist, RVel, Ag, Ai",0.2601770523148768,0.7838088019810003
4,"iMAG, logMsT, logSFR22, RVel",0.2602507927089353,0.7836862371109063
4,"e_iMAG, e_logMsT, RVel, surface_brightness_proxy",0.2602624212950893,0.7836669059157986
4,"iMAG, logMsT, RVel, Ai",0.26029380483991205,0.7836147300491307
5,"logMsT, logSFR22, Dist, RVel, Ai",0.260356462451948,0.7835105415060486
4,"logSFR22, Dist, RVel, surface_brightness_proxy",0.2603641252471198,0.7834977979100248
4,"iMAG, logMsT, RVel, Ag",0.26039416977715896,0.7834478287968758
4,"e_iMAG, e_logMsT, Dist, Ag",0.2605311739845031,0.7832198946344382
5,"e_iMAG, e_logMsT, Dist, RVel, Ai",0.2606218712729833,0.7830689354248018
4,"logSFR22, RVel, Ai, surface_brightness_proxy",0.26067777841104317,0.7829758557785536
4,"logMsT, Dist, RVel, Ag",0.26070085882200617,0.7829374234410005
4,"e_logMsT, Dist, RVel, Ai",0.26070229598607725,0.7829350302352591
4,"iMAG, logSFR22, Dist, Ag",0.26071922871321607,0.7829068323917898
4,"logMsT, logSFR22, Dist, Ag",0.260742931514671,0.782867357358199
5,"logMsT, logSFR22, Dist, Ag, Ai",0.26094190165601805,0.782535847727724
4,"e_iMAG, logMsT, RVel, Ai",0.260950625769367,0.7825213064553863
4,"iMAG, e_logMsT, RVel, Ai",0.2609745962014388,0.7824813502555025
5,"e_iMAG, logMsT, logSFR22, e_logMsT, Dist",0.2609850311006545,0.7824639552247324
4,"iMAG, e_iMAG, e_logMsT, RVel",0.26111482093775523,0.7822475367720796
4,"iMAG, e_iMAG, RVel, Ai",0.26124647632599113,0.7820278976697996
5,"iMAG, e_iMAG, e_logMsT, RVel, Ai",0.2612653684546205,0.7819963710750797
4,"logMsT, logSFR22, e_logMsT, Dist",0.26127475616309354,0.7819807043122431
4,"e_iMAG, RVel, Ag, Ai",0.26128631339020564,0.7819614161553599
4,"e_iMAG, logMsT, logSFR22, Dist",0.2613246535881385,0.7818974230920813
5,"logSFR22, Dist, RVel, Ag, Ai",0.2613372110658845,0.7818764615484788
4,"iMAG, logSFR22, RVel, Ai",0.26144095954120816,0.7817032410843714
4,"e_iMAG, logSFR22, RVel, Ag",0.2616114436648484,0.7814184481742348
4,"e_iMAG, e_logMsT, RVel, Ag",0.2616719833326967,0.781317272281686
5,"e_iMAG, logSFR22, e_logMsT, RVel, Ai",0.26167550079657315,0.781311393060263
4,"e_iMAG, Dist, RVel, Ai",0.2617662454676816,0.7811596916852568
4,"iMAG, logSFR22, RVel, Ag",0.2618710619201813,0.7809844005038367
4,"iMAG, RVel, Ai, surface_brightness_proxy",0.2618934374760735,0.7809469713574666
4,"logMsT, logSFR22, Dist, Ai",0.26207530350534086,0.7806426327889923
4,"logSFR22, e_logMsT, RVel, Ai",0.26224287104906363,0.7803620346116031
5,"e_iMAG, logMsT, e_logMsT, Dist, RVel",0.2623237167459175,0.7802265913000144
4,"e_iMAG, logMsT, Dist, RVel",0.26235638985569704,0.7801718411768879
4,"logMsT, e_logMsT, Dist, RVel",0.2624141931894734,0.7800749637938013
4,"e_iMAG, e_logMsT, Dist, Ai",0.26274054543961645,0.7795276026931295
4,"logMsT, Dist, RVel, Ai",0.2628161371912073,0.7794007224501732
4,"logMsT, logSFR22, e_logMsT, RVel",0.26285709285662623,0.7793319633985953
5,"logMsT, logSFR22, RVel, Ag, Ai",0.2632014778975844,0.7787533634249064
4,"logSFR22, Dist, Ag, Ai",0.2634889789336218,0.7782697538469268
4,"logMsT, Dist, Ag, Ai",0.2636869507612478,0.7779364356720601
4,"logSFR22, Dist, RVel, Ai",0.2638018833792379,0.7777428128255923
4,"e_iMAG, logMsT, logSFR22, RVel",0.26380913015815854,0.7777306016101071
4,"logMsT, logSFR22, Dist, RVel",0.2638533574515947,0.7776560689514085
4,"logMsT, logSFR22, RVel, Ag",0.2640013515660583,0.7774065756586457
5,"e_iMAG, logMsT, logSFR22, e_logMsT, RVel",0.26405086100163544,0.7773230798121425
4,"logSFR22, Dist, RVel, Ag",0.26406667017978686,0.7772964149152929
4,"e_iMAG, logSFR22, RVel, Ai",0.2641504207954448,0.7771551284736153
4,"logMsT, RVel, Ag, Ai",0.2646002761003662,0.7763954604798226
4,"e_iMAG, e_logMsT, RVel, Ai",0.2648412507654962,0.7759879963169777
4,"logMsT, logSFR22, RVel, Ai",0.26509464245428255,0.7755591361287018
4,"e_iMAG, logMsT, e_logMsT, Dist",0.2651319411609265,0.775495974211992
4,"Dist, RVel, Ag, Ai",0.26514391272458193,0.7754756995902152
4,"logSFR22, RVel, Ag, Ai",0.266288364447262,0.7735332693278997
4,"e_iMAG, logMsT, e_logMsT, RVel",0.2676573302073713,0.7711987917604002
5,"e_iMAG, logSFR22, e_logMsT, Dist, RVel",0.27687514347058045,0.7551681200504442
4,"e_iMAG, logSFR22, Dist, RVel",0.278120678075568,0.7529603921726316
4,"logSFR22, e_logMsT, Dist, RVel",0.27822512233066665,0.752774812928688
4,"e_iMAG, logSFR22, e_logMsT, Dist",0.27997106750341644,0.7496622545951335
4,"e_iMAG, logSFR22, e_logMsT, RVel",0.28265798736258124,0.7448341474512035
4,"e_iMAG, e_logMsT, Dist, RVel",0.3054521525323638,0.7020204842437027
8,"iMAG, e_iMAG, logMsT, logSFR22, e_logMsT, Ag, Ai, surface_brightness_proxy",0.3222751132087686,0.6682938150569548
6,"iMAG, e_iMAG, logSFR22, e_logMsT, Ag, surface_brightness_proxy",0.32248997099455456,0.6678513768362483
7,"iMAG, e_iMAG, logMsT, logSFR22, e_logMsT, Ag, surface_brightness_proxy",0.32252865636730965,0.6677716840386848
7,"iMAG, e_iMAG, logSFR22, e_logMsT, Ag, Ai, surface_brightness_proxy",0.3227916814941132,0.6672295925091287
7,"e_iMAG, logMsT, logSFR22, e_logMsT, Ag, Ai, surface_brightness_proxy",0.3228771341419049,0.6670533805557014
6,"e_iMAG, logSFR22, e_logMsT, Ag, Ai, surface_brightness_proxy",0.3228882735732591,0.6670304064915876
6,"e_iMAG, logMsT, logSFR22, e_logMsT, Ag, surface_brightness_proxy",0.3229862044650216,0.666828398819961
5,"e_iMAG, logSFR22, e_logMsT, Ag, surface_brightness_proxy",0.32389662323578894,0.6649474938420263
6,"iMAG, e_iMAG, logMsT, logSFR22, e_logMsT, surface_brightness_proxy",0.32509695986427956,0.6624595332805783
6,"e_iMAG, logMsT, logSFR22, e_logMsT, Ai, surface_brightness_proxy",0.3251054277409785,0.662441949060295
7,"iMAG, e_iMAG, logMsT, logSFR22, e_logMsT, Ai, surface_brightness_proxy",0.3251648867765141,0.6623184647390244
5,"e_iMAG, logMsT, logSFR22, e_logMsT, surface_brightness_proxy",0.32592643743125693,0.660734882090962
7,"iMAG, e_iMAG, logMsT, logSFR22, e_logMsT, Ag, Ai",0.32700905485108683,0.658477290818106
6,"iMAG, e_iMAG, logSFR22, e_logMsT, Ag, Ai",0.3270846703470556,0.658319329474881
6,"iMAG, e_iMAG, logMsT, logSFR22, e_logMsT, Ag",0.32736548775634133,0.6577323801120956
5,"iMAG, e_iMAG, logSFR22, e_logMsT, Ag",0.3276616640169901,0.6571127827241114
5,"e_iMAG, logSFR22, e_logMsT, Ai, surface_brightness_proxy",0.3281840763807631,0.6560185361916973
6,"iMAG, e_iMAG, logMsT, e_logMsT, Ag, surface_brightness_proxy",0.3282399831726308,0.6559013303947183
5,"iMAG, e_iMAG, logSFR22, e_logMsT, surface_brightness_proxy",0.32840356089971046,0.6555582831952484
7,"iMAG, e_iMAG, logMsT, e_logMsT, Ag, Ai, surface_brightness_proxy",0.3285082078760884,0.6553387330356619
6,"iMAG, e_iMAG, e_logMsT, Ag, Ai, surface_brightness_proxy",0.3285117531122772,0.6553312938779143
6,"e_iMAG, logMsT, e_logMsT, Ag, Ai, surface_brightness_proxy",0.32859581930212245,0.6551548697959217
6,"e_iMAG, logMsT, logSFR22, e_logMsT, Ag, Ai",0.32862544080057826,0.6550926943858695
6,"iMAG, e_iMAG, logSFR22, e_logMsT, Ai, surface_brightness_proxy",0.32883533116154,0.6546519747811197
7,"iMAG, e_iMAG, logMsT, logSFR22, Ag, Ai, surface_brightness_proxy",0.3289613308919999,0.6543872702889643
5,"e_iMAG, e_logMsT, Ag, Ai, surface_brightness_proxy",0.3290458785798608,0.6542095927960756
5,"iMAG, e_iMAG, e_logMsT, Ag, surface_brightness_proxy",0.3291098719243546,0.6540750800252871
4,"e_iMAG, logSFR22, e_logMsT, surface_brightness_proxy",0.3291161602825881,0.654061860606569
5,"iMAG, e_iMAG, logMsT, logSFR22, e_logMsT",0.3292694523887689,0.6537395310332107
5,"e_iMAG, logSFR22, Ag, Ai, surface_brightness_proxy",0.329277768098515,0.6537220411756168
5,"e_iMAG, logMsT, e_logMsT, Ag, surface_brightness_proxy",0.3293002713252303,0.653674709479166
6,"iMAG, e_iMAG, logMsT, logSFR22, Ag, surface_brightness_proxy",0.3294612649243801,0.6533359925734383
5,"e_iMAG, logMsT, logSFR22, e_logMsT, Ag",0.3295811202567172,0.6530837195936712
6,"iMAG, e_iMAG, logSFR22, Ag, Ai, surface_brightness_proxy",0.3296525749538572,0.6529332772085459
6,"iMAG, e_iMAG, logMsT, logSFR22, e_logMsT, Ai",0.3297629291908779,0.6527008707480129
6,"e_iMAG, logMsT, logSFR22, Ag, Ai, surface_brightness_proxy",0.3298940172653978,0.6524246976608875
5,"iMAG, e_iMAG, logSFR22, Ag, surface_brightness_proxy",0.33004743822335275,0.6521013348059628
4,"e_iMAG, e_logMsT, Ag, surface_brightness_proxy",0.33017312637816293,0.6518363118898658
5,"e_iMAG, logSFR22, e_logMsT, Ag, Ai",0.3301816702744809,0.651818292779871
5,"iMAG, e_iMAG, logMsT, logSFR22, surface_brightness_proxy",0.3307290027355879,0.6506629948333347
6,"iMAG, e_iMAG, logMsT, logSFR22, Ai, surface_brightness_proxy",0.33076649981470946,0.6505837767436956
5,"e_iMAG, logMsT, logSFR22, e_logMsT, Ai",0.33090112429525387,0.6502992887414928
5,"e_iMAG, logMsT, e_logMsT, Ai, surface_brightness_proxy",0.3313405464071513,0.6493698977858802
5,"iMAG, e_iMAG, logMsT, e_logMsT, surface_brightness_proxy",0.33142954931918256,0.6491815037494555
6,"iMAG, e_iMAG, logMsT, e_logMsT, Ai, surface_brightness_proxy",0.3317383942105042,0.6485273738855601
5,"e_iMAG, logMsT, logSFR22, Ai, surface_brightness_proxy",0.3318703512087372,0.648247704738103
4,"e_iMAG, logMsT, e_logMsT, surface_brightness_proxy",0.3322237717025849,0.6474981188594193
5,"e_iMAG, logMsT, logSFR22, Ag, surface_brightness_proxy",0.3323127495797737,0.6473092758450956
4,"e_iMAG, logMsT, logSFR22, surface_brightness_proxy",0.3330862129619963,0.645665578296675
4,"e_iMAG, logSFR22, e_logMsT, Ag",0.333225475985235,0.6453692225991147
4,"iMAG, e_iMAG, logSFR22, e_logMsT",0.33324441800062976,0.6453289038776895
5,"iMAG, e_iMAG, logSFR22, e_logMsT, Ai",0.33346576172734593,0.6448575963957787
5,"iMAG, e_iMAG, Ag, Ai, surface_brightness_proxy",0.3348731716499143,0.6418534755429727
4,"e_iMAG, Ag, Ai, surface_brightness_proxy",0.33491244928972885,0.6417694558223433
5,"iMAG, e_iMAG, logMsT, e_logMsT, Ag",0.33501479248268157,0.6415504848078326
4,"iMAG, e_iMAG, Ag, surface_brightness_proxy",0.33526580528723526,0.6410131406214921
6,"iMAG, e_iMAG, logMsT, Ag, Ai, surface_brightness_proxy",0.33534143366708186,0.6408511637285318
5,"iMAG, e_iMAG, e_logMsT, Ai, surface_brightness_proxy",0.33534776742729155,0.640837596755516
6,"iMAG, e_iMAG, logMsT, e_logMsT, Ag, Ai",0.3355546639300336,0.6403942816338216
5,"iMAG, e_iMAG, logMsT, Ag, surface_brightness_proxy",0.3356158562694581,0.6402631130107109
4,"e_iMAG, e_logMsT, Ai, surface_brightness_proxy",0.33570337366002306,0.6400754738516053
4,"iMAG, e_iMAG, e_logMsT, surface_brightness_proxy",0.3357757638571799,0.6399202307490879
4,"iMAG, e_iMAG, e_logMsT, Ag",0.33603042068485417,0.6393738450140243
5,"iMAG, e_iMAG, logSFR22, Ai, surface_brightness_proxy",0.3360615963885084,0.6393069266936702
5,"iMAG, e_iMAG, e_logMsT, Ag, Ai",0.33610269085034145,0.6392187083779843
5,"e_iMAG, logMsT, Ag, Ai, surface_brightness_proxy",0.3361756509588219,0.6390620568550476
4,"e_iMAG, logSFR22, Ai, surface_brightness_proxy",0.3361859172552778,0.6390400115195449
4,"iMAG, e_iMAG, logSFR22, surface_brightness_proxy",0.33634377678126237,0.638700947045074
5,"e_iMAG, logMsT, e_logMsT, Ag, Ai",0.3366685730839508,0.6380028205177479
4,"iMAG, e_iMAG, logMsT, surface_brightness_proxy",0.33712037561746283,0.6370305825534277
4,"e_iMAG, logSFR22, e_logMsT, Ai",0.3373011271960507,0.6366412564370525
4,"e_iMAG, logMsT, e_logMsT, Ag",0.3374886505557686,0.6362371238226512
5,"iMAG, e_iMAG, logMsT, Ai, surface_brightness_proxy",0.3375384841298103,0.6361296894389777
4,"e_iMAG, logMsT, Ai, surface_brightness_proxy",0.3378641231220293,0.6354272657251194
4,"e_iMAG, logMsT, Ag, surface_brightness_proxy",0.3382234172926599,0.6346514597259805
4,"iMAG, e_iMAG, logMsT, e_logMsT",0.338301966734068,0.6344817419908284
5,"iMAG, e_iMAG, logMsT, e_logMsT, Ai",0.339099652095687,0.632755991988521
4,"e_iMAG, logMsT, logSFR22, e_logMsT",0.33967134274923577,0.6315166693070178
4,"e_iMAG, logMsT, e_logMsT, Ai",0.3401201967596283,0.6305421714349202
7,"iMAG, logMsT, logSFR22, e_logMsT, Ag, Ai, surface_brightness_proxy",0.34038016348600664,0.6299771744178619
4,"e_iMAG, e_logMsT, Ag, Ai",0.3404510273666817,0.6298230879834641
6,"iMAG, logMsT, logSFR22, e_logMsT, Ag, surface_brightness_proxy",0.3405316289446241,0.6296477889080899
6,"logMsT, logSFR22, e_logMsT, Ag, Ai, surface_brightness_proxy",0.3406306572316517,0.6294323570678162
5,"logSFR22, e_logMsT, Ag, Ai, surface_brightness_proxy",0.3407319401166841,0.6292119556501975
6,"iMAG, logSFR22, e_logMsT, Ag, Ai, surface_brightness_proxy",0.34084738521407426,0.6289606559717646
5,"iMAG, logSFR22, e_logMsT, Ag, surface_brightness_proxy",0.34141715851984716,0.6277191325108813
5,"logMsT, logSFR22, e_logMsT, Ag, surface_brightness_proxy",0.3416409225981384,0.6272309884242004
4,"iMAG, e_iMAG, e_logMsT, Ai",0.34272477687899217,0.6248620206011333
4,"iMAG, e_iMAG, Ai, surface_brightness_proxy",0.34291004096069577,0.6244563401112234
6,"iMAG, logMsT, logSFR22, e_logMsT, Ai, surface_brightness_proxy",0.34292482367023697,0.624423960350682
4,"e_iMAG, logSFR22, Ag, surface_brightness_proxy",0.34357666084633115,0.6229948010607542
5,"logMsT, logSFR22, e_logMsT, Ai, surface_brightness_proxy",0.3436011554106387,0.6229410435834755
4,"logMsT, logSFR22, e_logMsT, surface_brightness_proxy",0.34367179652370206,0.6227859882119097
5,"iMAG, logMsT, logSFR22, e_logMsT, surface_brightness_proxy",0.34367419897768575,0.6227807143286173
6,"iMAG, e_iMAG, logMsT, logSFR22, Ag, Ai",0.3439255842786597,0.6222286678534842
5,"iMAG, e_iMAG, logSFR22, Ag, Ai",0.3443878059795867,0.6212125675530258
5,"iMAG, logMsT, logSFR22, Ag, surface_brightness_proxy",0.344944823264786,0.6199862652651623
5,"iMAG, e_iMAG, logMsT, logSFR22, Ai",0.34494765263277455,0.6199800312066499
6,"iMAG, logMsT, logSFR22, Ag, Ai, surface_brightness_proxy",0.3450035794139637,0.619856795020573
5,"iMAG, logSFR22, Ag, Ai, surface_brightness_proxy",0.34581085747231355,0.6180757102762762
4,"logSFR22, Ag, Ai, surface_brightness_proxy",0.34601396395256795,0.6176269442721795
5,"iMAG, e_iMAG, logMsT, logSFR22, Ag",0.34626977948725607,0.617061342088538
5,"logMsT, logSFR22, Ag, Ai, surface_brightness_proxy",0.3462966712186843,0.6170018608168522
4,"iMAG, logSFR22, Ag, surface_brightness_proxy",0.34644523301110597,0.6166731767743195
4,"iMAG, e_iMAG, logMsT, logSFR22",0.34718533590803247,0.6150336430326765
4,"logSFR22, e_logMsT, Ag, surface_brightness_proxy",0.34733174442735243,0.6147088929207276
4,"logMsT, logSFR22, Ag, surface_brightness_proxy",0.347819657584072,0.6136256597206433
6,"iMAG, logMsT, logSFR22, e_logMsT, Ag, Ai",0.34835833994290416,0.6124279458565893
5,"iMAG, logMsT, logSFR22, e_logMsT, Ag",0.3483818112995172,0.6123757171753028
5,"e_iMAG, logMsT, logSFR22, Ag, Ai",0.34838555548728145,0.6123673852483833
5,"iMAG, logMsT, logSFR22, Ai, surface_brightness_proxy",0.34859410265881924,0.611903164617754
4,"iMAG, e_iMAG, logSFR22, Ag",0.34890506682972455,0.6112104504379183
4,"iMAG, logMsT, logSFR22, surface_brightness_proxy",0.34892613753511353,0.6111634902862932
4,"e_iMAG, logMsT, logSFR22, Ag",0.3490662641973192,0.6108511187148518
5,"iMAG, logSFR22, e_logMsT, Ag, Ai",0.3491798148686221,0.6105978985764431
6,"iMAG, logMsT, e_logMsT, Ag, Ai, surface_brightness_proxy",0.3492235859005703,0.6105002663571963
5,"iMAG, e_logMsT, Ag, Ai, surface_brightness_proxy",0.34950475503936673,0.6098728208127016
4,"e_logMsT, Ag, Ai, surface_brightness_proxy",0.3496753577598024,0.6094918646099494
5,"iMAG, logMsT, e_logMsT, Ag, surface_brightness_proxy",0.3497357375654149,0.6093569918458057
4,"logMsT, logSFR22, Ai, surface_brightness_proxy",0.3498876149963178,0.6090176342537885
5,"logMsT, e_logMsT, Ag, Ai, surface_brightness_proxy",0.3499241634193534,0.6089359478228957
4,"iMAG, e_logMsT, Ag, surface_brightness_proxy",0.3501883655751486,0.6083451971339131
4,"logSFR22, e_logMsT, Ai, surface_brightness_proxy",0.35037890945263667,0.6079188681339542
4,"iMAG, logSFR22, e_logMsT, surface_brightness_proxy",0.3503883325278274,0.6078977786244655
5,"iMAG, logSFR22, e_logMsT, Ai, surface_brightness_proxy",0.35045038729016575,0.6077588815065142
5,"iMAG, logMsT, logSFR22, e_logMsT, Ai",0.35058210527093353,0.6074639757552351
5,"iMAG, logMsT, logSFR22, Ag, Ai",0.3511771568825125,0.606130322838192
4,"iMAG, logSFR22, e_logMsT, Ag",0.3513604885475038,0.6057189769943758
4,"logMsT, e_logMsT, Ag, surface_brightness_proxy",0.35140645328997955,0.6056158110909957
4,"iMAG, e_iMAG, logSFR22, Ai",0.3516017998731491,0.6051772134686538
5,"logMsT, logSFR22, e_logMsT, Ag, Ai",0.3519411916198574,0.604414621989831
4,"iMAG, logMsT, logSFR22, e_logMsT",0.3520543314765781,0.6041602404734272
4,"iMAG, logMsT, e_logMsT, surface_brightness_proxy",0.35229734255678813,0.6036135825375644
5,"iMAG, logMsT, e_logMsT, Ai, surface_brightness_proxy",0.35240070480328883,0.6033809529032188
4,"logMsT, e_logMsT, Ai, surface_brightness_proxy",0.35251886805385485,0.6031149281622227
4,"iMAG, e_iMAG, Ag, Ai",0.3525526530931122,0.6030388504172308
4,"iMAG, logSFR22, Ag, Ai",0.3526239830029297,0.6028782045268835
5,"iMAG, e_iMAG, logMsT, Ag, Ai",0.3526428470558291,0.6028357143543639
4,"logMsT, logSFR22, e_logMsT, Ag",0.3529002879074991,0.6022556167605227
4,"e_iMAG, logSFR22, Ag, Ai",0.3530434114370703,0.6019329300094871
4,"e_iMAG, logMsT, logSFR22, Ai",0.35318225005024995,0.6016197790179394
4,"iMAG, logMsT, logSFR22, Ag",0.3537421354566274,0.6003557060598338
4,"iMAG, e_iMAG, logMsT, Ai",0.354009772691021,0.5997507447330148
4,"iMAG, logMsT, logSFR22, Ai",0.3542082425765585,0.5993018323149631
5,"iMAG, logMsT, Ag, Ai, surface_brightness_proxy",0.3551116408348108,0.5972552867751073
4,"iMAG, logMsT, Ag, surface_brightness_proxy",0.35548845423593467,0.5964001184014374
4,"iMAG, e_iMAG, logMsT, Ag",0.3560265067880411,0.5951774497923379
4,"iMAG, Ag, Ai, surface_brightness_proxy",0.3561400718951288,0.5949191485269969
4,"logMsT, logSFR22, e_logMsT, Ai",0.3570384235304293,0.5928729647730953
4,"iMAG, logSFR22, Ai, surface_brightness_proxy",0.35713181897629886,0.5926599412905811
4,"logMsT, Ag, Ai, surface_brightness_proxy",0.3571850078242354,0.5925385991940146
4,"logMsT, logSFR22, Ag, Ai",0.3583900084635541,0.5897847352712589
4,"iMAG, logSFR22, e_logMsT, Ai",0.3590188834492245,0.588343844347313
5,"iMAG, logMsT, e_logMsT, Ag, Ai",0.35982141221303754,0.5865014056300901
4,"e_iMAG, logMsT, Ag, Ai",0.3599673827453094,0.5861658455391523
4,"iMAG, e_logMsT, Ai, surface_brightness_proxy",0.3601179608742168,0.5858195507967845
4,"logSFR22, e_logMsT, Ag, Ai",0.36031388615540416,0.5853687513113917
4,"iMAG, logMsT, Ai, surface_brightness_proxy",0.36047949958456066,0.5849875043661779
4,"iMAG, e_logMsT, Ag, Ai",0.3607329553268952,0.5844037026284599
4,"iMAG, logMsT, e_logMsT, Ag",0.3610652568132192,0.5836376685051088
4,"iMAG, logMsT, e_logMsT, Ai",0.3629045844621031,0.5793848230183269
4,"iMAG, logMsT, Ag, Ai",0.36301163797455627,0.5791366312043518
4,"logMsT, e_logMsT, Ag, Ai",0.36634113576137095,0.5713810133891015
